Product Type,Part Number,Month Of Order,Date of Order,Product Class,Region,Owner,Worldwide Customer Name,Quantity,Date of Delivery
Mobile,ABC001,Nov-18,11/9/2018,Class 1,America,John,Customer 15,12,11/13/2018
Laptop,ABC002,Nov-18,11/9/2018,Class 1,America,John,Customer 15,21,11/13/2018
Desktop,ABC003,Nov-18,11/9/2018,Class 1,America,John,Customer 14,12,11/13/2018
Tablet,ABC004,Nov-18,11/9/2018,Class 2,America,John,Customer 14,23,11/13/2018
Mobile,ABC005,Nov-18,11/9/2018,Class 2,America,John,Customer 14,55,11/13/2018
Laptop,ABC006,Nov-18,11/9/2018,Class 2,America,John,Customer 14,67,11/13/2018
Mobile,ABC068,Nov-18,11/19/2018,Class 5,Japan,Sam,Customer 2,1,11/23/2018
Laptop,ABC069,Nov-18,11/19/2018,Class 5,Japan,Sam,Customer 2,34,11/23/2018
Desktop,ABC070,Nov-18,11/19/2018,Class 5,Japan,Sam,Customer 2,56,11/23/2018
Tablet,ABC071,Nov-18,11/19/2018,Class 5,Japan,Sam,Customer 2,55,11/23/2018
Mobile,ABC072,Nov-18,11/19/2018,Class 5,Japan,Sam,Customer 2,21,11/23/2018
Laptop,ABC073,Nov-18,11/19/2018,Class 5,Japan,Sam,Customer 5,12,11/23/2018
Desktop,ABC074,Nov-18,11/19/2018,Class 5,Japan,Sam,Customer 5,23,11/23/2018
Tablet,ABC075,Nov-18,11/19/2018,Class 5,Japan,Sam,Customer 5,55,11/23/2018
Mobile,ABC076,Nov-18,11/19/2018,Class 5,Japan,Sam,Customer 5,67,11/23/2018
Laptop,ABC077,Nov-18,11/19/2018,Class 5,Japan,Sam,Customer 5,87,11/23/2018
Desktop,ABC078,Nov-18,11/19/2018,Class 5,Japan,Sam,Customer 5,54,11/23/2018
Tablet,ABC079,Nov-18,11/19/2018,Class 5,Japan,Sam,Customer 5,32,11/23/2018
Mobile,ABC080,Nov-18,11/19/2018,Class 5,Japan,Sam,Customer 5,34,11/23/2018
Laptop,ABC081,Nov-18,11/19/2018,Class 5,Japan,Sam,Customer 5,65,11/23/2018
Desktop,ABC082,Nov-18,11/19/2018,Class 5,Japan,Sam,Customer 5,87,11/23/2018
Tablet,ABC083,Nov-18,11/19/2018,Class 5,Japan,Sam,Customer 5,89,11/23/2018
Mobile,ABC084,Nov-18,11/19/2018,Class 6,Japan,Sam,Customer 5,77,11/23/2018
Laptop,ABC085,Nov-18,11/19/2018,Class 6,Japan,Sam,Customer 5,51,11/23/2018
Desktop,ABC086,Nov-18,11/19/2018,Class 6,Japan,Sam,Customer 5,23,11/23/2018
Tablet,ABC087,Nov-18,11/19/2018,Class 6,Japan,Sam,Customer 5,90,11/23/2018
Mobile,ABC007,Nov-18,11/10/2018,Class 2,China,Ben,Customer 14,87,11/14/2018
Laptop,ABC008,Nov-18,11/10/2018,Class 2,China,Ben,Customer 14,54,11/14/2018
Desktop,ABC009,Nov-18,11/10/2018,Class 2,China,Ben,Customer 14,32,11/14/2018
Tablet,ABC010,Nov-18,11/10/2018,Class 2,China,Ben,Customer 11,34,11/14/2018
Mobile,ABC011,Nov-18,11/10/2018,Class 2,China,Ben,Customer 11,65,11/14/2018
Laptop,ABC012,Nov-18,11/10/2018,Class 2,China,Ben,Customer 11,87,11/14/2018
Desktop,ABC013,Nov-18,11/10/2018,Class 2,China,Ben,Customer 11,89,11/14/2018
Tablet,ABC014,Nov-18,11/10/2018,Class 2,China,Ben,Customer 11,77,11/16/2018
Mobile,ABC015,Nov-18,11/10/2018,Class 2,China,Ben,Customer 11,51,11/16/2018
Desktop,ABC016,Nov-18,11/10/2018,Class 3,China,Ben,Customer 11,23,11/16/2018
Tablet,ABC017,Nov-18,11/10/2018,Class 3,China,Ben,Customer 11,90,11/16/2018
Mobile,ABC018,Nov-18,11/10/2018,Class 3,China,Ben,Customer 11,65,11/16/2018
Laptop,ABC019,Nov-18,11/10/2018,Class 3,China,Ben,Customer 11,54,11/16/2018
Laptop,ABC020,Nov-18,11/10/2018,Class 3,China,Ben,Customer 1,43,11/16/2018
Desktop,ABC021,Nov-18,11/10/2018,Class 3,China,Ben,Customer 1,22,11/16/2018
Tablet,ABC022,Nov-18,11/10/2018,Class 3,China,Ben,Customer 1,11,11/16/2018
Mobile,ABC023,Nov-18,11/10/2018,Class 3,China,Ben,Customer 1,2,11/14/2018
Laptop,ABC024,Nov-18,11/10/2018,Class 3,China,Ben,Customer 1,2,11/14/2018
Desktop,ABC025,Nov-18,11/10/2018,Class 3,China,Ben,Customer 1,45,11/14/2018
Tablet,ABC026,Nov-18,11/10/2018,Class 3,China,Ben,Customer 5,4,11/14/2018
Mobile,ABC027,Nov-18,11/10/2018,Class 3,China,Ben,Customer 5,9,11/14/2018
Laptop,ABC028,Nov-18,11/10/2018,Class 3,China,Ben,Customer 5,7,11/14/2018
Desktop,ABC029,Nov-18,11/10/2018,Class 3,China,Ben,Customer 5,55,11/14/2018
Tablet,ABC030,Nov-18,11/10/2018,Class 3,China,Ben,Customer 5,3,11/14/2018
Mobile,ABC031,Nov-18,11/10/2018,Class 3,China,Ben,Customer 5,12,11/14/2018
Laptop,ABC032,Nov-18,11/10/2018,Class 3,China,Ben,Customer 5,16,11/14/2018
Desktop,ABC033,Nov-18,11/10/2018,Class 3,China,Ben,Customer 5,1,11/14/2018
Tablet,ABC034,Nov-18,11/10/2018,Class 3,China,Ben,Customer 5,34,11/14/2018
Mobile,ABC035,Nov-18,11/10/2018,Class 3,China,Ben,Customer 5,56,11/14/2018
Laptop,ABC036,Nov-18,11/10/2018,Class 3,China,Ben,Customer 5,55,11/14/2018
Desktop,ABC037,Nov-18,11/10/2018,Class 3,China,Ben,Customer 5,21,11/14/2018
Tablet,ABC038,Nov-18,11/10/2018,Class 3,China,Ben,Customer 5,12,11/14/2018
Desktop,ABC039,Nov-18,11/10/2018,Class 3,China,Ben,Customer 7,23,11/14/2018
Desktop,ABC040,Nov-18,11/10/2018,Class 4,China,Ben,Customer 7,55,11/14/2018
Desktop,ABC041,Nov-18,11/10/2018,Class 4,China,Ben,Customer 7,67,11/14/2018
Desktop,ABC042,Nov-18,11/10/2018,Class 4,China,Ben,Customer 7,87,11/14/2018
Desktop,ABC043,Nov-18,11/10/2018,Class 4,China,Ben,Customer 7,54,11/14/2018
Desktop,ABC044,Nov-18,11/10/2018,Class 4,China,Ben,Customer 7,32,11/14/2018
Desktop,ABC045,Nov-18,11/10/2018,Class 4,China,Ben,Customer 7,34,11/14/2018
Desktop,ABC046,Nov-18,11/10/2018,Class 4,China,Ben,Customer 8,65,11/14/2018
Tablet,ABC047,Nov-18,11/10/2018,Class 4,China,Ben,Customer 8,87,11/14/2018
Mobile,ABC048,Nov-18,11/10/2018,Class 4,China,Ben,Customer 8,89,11/14/2018
Laptop,ABC049,Nov-18,11/10/2018,Class 4,China,Ben,Customer 8,77,11/14/2018
Tablet,ABC050,Nov-18,11/10/2018,Class 4,China,Ben,Customer 12,51,11/14/2018
Mobile,ABC051,Nov-18,11/10/2018,Class 4,China,Ben,Customer 12,23,11/14/2018
Laptop,ABC052,Nov-18,11/10/2018,Class 4,China,Ben,Customer 12,90,11/14/2018
Desktop,ABC053,Nov-18,11/10/2018,Class 4,China,Ben,Customer 12,65,11/14/2018
Desktop,ABC054,Oct-18,10/26/2018,Class 4,China,Ben,Customer 12,54,10/30/2018
Tablet,ABC055,Oct-18,10/26/2018,Class 4,China,Ben,Customer 12,43,10/30/2018
Mobile,ABC056,Oct-18,10/26/2018,Class 4,China,Ben,Customer 12,22,10/30/2018
Laptop,ABC057,Oct-18,10/26/2018,Class 4,China,Ben,Customer 12,11,10/30/2018
Desktop,ABC058,Oct-18,10/26/2018,Class 4,China,Ben,Customer 12,2,10/30/2018
Tablet,ABC059,Oct-18,10/26/2018,Class 4,China,Ben,Customer 12,2,10/30/2018
Mobile,ABC060,Oct-18,10/26/2018,Class 4,China,Ben,Customer 12,45,10/30/2018
Laptop,ABC061,Oct-18,10/26/2018,Class 4,China,Ben,Customer 12,4,10/30/2018
Desktop,ABC062,Oct-18,10/26/2018,Class 4,China,Ben,Customer 12,9,10/30/2018
Tablet,ABC063,Oct-18,10/26/2018,Class 4,China,Ben,Customer 12,7,10/30/2018
Mobile,ABC064,Oct-18,10/26/2018,Class 4,China,Ben,Customer 12,55,10/30/2018
Laptop,ABC065,Oct-18,10/26/2018,Class 4,China,Ben,Customer 2,3,10/30/2018
Desktop,ABC066,Oct-18,10/26/2018,Class 5,China,Ben,Customer 2,12,10/30/2018
Tablet,ABC067,Oct-18,10/26/2018,Class 5,China,Ben,Customer 2,16,10/30/2018
Tablet,ABC205,Oct-18,10/27/2018,Class 8,Europe,Chris,Customer 7,12,10/31/2018
Mobile,ABC206,Oct-18,10/27/2018,Class 8,Europe,Chris,Customer 7,16,10/31/2018
Laptop,ABC207,Oct-18,10/27/2018,Class 8,Europe,Chris,Customer 8,1,10/31/2018
Desktop,ABC208,Oct-18,10/27/2018,Class 8,Europe,Chris,Customer 8,34,10/31/2018
Tablet,ABC209,Oct-18,10/27/2018,Class 8,Europe,Chris,Customer 8,56,10/31/2018
Mobile,ABC210,Oct-18,10/27/2018,Class 8,Europe,Chris,Customer 8,55,10/31/2018
Laptop,ABC211,Oct-18,10/27/2018,Class 8,Europe,Chris,Customer 12,21,10/31/2018
Desktop,ABC212,Oct-18,10/27/2018,Class 8,Europe,Chris,Customer 12,12,10/31/2018
Tablet,ABC213,Oct-18,10/27/2018,Class 8,Europe,Chris,Customer 12,23,10/31/2018
Mobile,ABC214,Oct-18,10/27/2018,Class 8,Europe,Chris,Customer 12,55,10/31/2018
Laptop,ABC215,Oct-18,10/27/2018,Class 8,Europe,Chris,Customer 12,67,10/31/2018
Desktop,ABC216,Oct-18,10/27/2018,Class 8,Europe,Chris,Customer 12,87,10/31/2018
Tablet,ABC217,Oct-18,10/27/2018,Class 8,Europe,Chris,Customer 12,54,10/31/2018
Mobile,ABC218,Oct-18,10/27/2018,Class 8,Europe,Chris,Customer 12,32,10/31/2018
Laptop,ABC219,Oct-18,10/27/2018,Class 8,Europe,Chris,Customer 12,34,10/31/2018
Desktop,ABC220,Oct-18,10/27/2018,Class 9,Europe,Chris,Customer 12,65,10/31/2018
Desktop,ABC221,Oct-18,10/27/2018,Class 9,Europe,Chris,Customer 12,87,10/31/2018
Desktop,ABC222,Oct-18,10/27/2018,Class 9,Europe,Chris,Customer 12,89,10/31/2018
Tablet,ABC223,Oct-18,10/27/2018,Class 9,Europe,Chris,Customer 12,77,10/31/2018
Mobile,ABC224,Oct-18,10/27/2018,Class 9,Europe,Chris,Customer 12,51,10/31/2018
Tablet,ABC225,Oct-18,10/27/2018,Class 9,Europe,Chris,Customer 12,23,10/31/2018
Mobile,ABC226,Oct-18,10/27/2018,Class 9,Europe,Chris,Customer 2,90,10/31/2018
Laptop,ABC227,Oct-18,10/27/2018,Class 9,Europe,Chris,Customer 2,65,10/31/2018
Mobile,ABC228,Oct-18,10/27/2018,Class 9,Europe,Chris,Customer 2,54,10/31/2018
Tablet,ABC229,Oct-18,10/27/2018,Class 9,Europe,Chris,Customer 2,43,10/31/2018
Tablet,ABC230,Oct-18,10/27/2018,Class 9,Europe,Chris,Customer 2,22,10/31/2018
Tablet,ABC231,Oct-18,10/27/2018,Class 9,Europe,Chris,Customer 2,11,10/31/2018
Mobile,ABC232,Oct-18,10/27/2018,Class 9,Europe,Chris,Customer 2,2,10/31/2018
Tablet,ABC233,Oct-18,10/27/2018,Class 9,Europe,Chris,Customer 2,2,10/31/2018
Mobile,ABC234,Oct-18,10/27/2018,Class 9,Europe,Chris,Customer 5,45,10/31/2018
Laptop,ABC235,Oct-18,10/27/2018,Class 9,Europe,Chris,Customer 5,4,10/31/2018
Tablet,ABC236,Oct-18,10/27/2018,Class 9,Europe,Chris,Customer 5,9,10/31/2018
Mobile,ABC237,Oct-18,10/27/2018,Class 9,Europe,Chris,Customer 5,7,10/31/2018
Laptop,ABC238,Oct-18,10/27/2018,Class 10,Europe,Chris,Customer 5,55,10/31/2018
Laptop,ABC239,Oct-18,10/27/2018,Class 10,Europe,Chris,Customer 5,3,10/31/2018
Tablet,ABC240,Oct-18,10/27/2018,Class 10,Europe,Chris,Customer 5,12,10/31/2018
Tablet,ABC241,Oct-18,10/27/2018,Class 10,Europe,Chris,Customer 5,16,10/31/2018
Tablet,ABC242,Oct-18,10/27/2018,Class 10,Europe,Chris,Customer 5,1,10/31/2018
Tablet,ABC243,Oct-18,10/27/2018,Class 10,Europe,Chris,Customer 5,34,10/31/2018
Tablet,ABC244,Oct-18,10/27/2018,Class 10,Europe,Chris,Customer 5,56,10/31/2018
Tablet,ABC245,Oct-18,10/27/2018,Class 10,Europe,Chris,Customer 5,55,10/31/2018
Mobile,ABC246,Oct-18,10/27/2018,Class 10,Europe,Chris,Customer 5,21,10/31/2018
Laptop,ABC247,Oct-18,10/27/2018,Class 10,Europe,Chris,Customer 5,12,10/31/2018
Desktop,ABC248,Oct-18,10/27/2018,Class 10,Europe,Chris,Customer 5,23,10/31/2018
Tablet,ABC249,Oct-18,10/27/2018,Class 10,Europe,Chris,Customer 5,55,10/31/2018
Tablet,ABC250,Oct-18,10/27/2018,Class 10,Europe,Chris,Customer 5,67,10/31/2018
Tablet,ABC251,Oct-18,10/27/2018,Class 1,Europe,Chris,Customer 5,87,10/31/2018
Tablet,ABC252,Oct-18,10/27/2018,Class 1,Europe,Chris,Customer 3,54,10/31/2018
Mobile,ABC253,Oct-18,10/27/2018,Class 1,Europe,Chris,Customer 3,32,10/31/2018
Laptop,ABC254,Oct-18,10/27/2018,Class 2,Europe,Chris,Customer 3,34,10/31/2018
Laptop,ABC255,Oct-18,10/27/2018,Class 2,Europe,Chris,Customer 3,65,10/31/2018
Desktop,ABC256,Oct-18,10/27/2018,Class 2,Europe,Chris,Customer 3,87,10/31/2018
Tablet,ABC257,Oct-18,10/27/2018,Class 2,Europe,Chris,Customer 3,89,10/31/2018
Mobile,ABC258,Oct-18,10/27/2018,Class 2,Europe,Chris,Customer 3,77,10/31/2018
Laptop,ABC259,Oct-18,10/27/2018,Class 2,Europe,Chris,Customer 3,51,10/31/2018
Desktop,ABC260,Oct-18,10/27/2018,Class 2,Europe,Chris,Customer 4,23,10/31/2018
Laptop,ABC261,Oct-18,10/27/2018,Class 2,Europe,Chris,Customer 4,90,10/31/2018
Laptop,ABC262,Oct-18,10/27/2018,Class 2,Europe,Chris,Customer 4,65,10/31/2018
Laptop,ABC263,Oct-18,10/27/2018,Class 2,Europe,Chris,Customer 4,54,10/31/2018
Laptop,ABC264,Oct-18,10/27/2018,Class 2,Europe,Chris,Customer 4,43,10/31/2018
Tablet,ABC265,Oct-18,10/27/2018,Class 2,Europe,Chris,Customer 9,22,10/31/2018
Laptop,ABC266,Oct-18,10/27/2018,Class 3,Europe,Chris,Customer 9,11,10/31/2018
Laptop,ABC267,Oct-18,10/27/2018,Class 3,Europe,Chris,Customer 9,2,10/31/2018
Desktop,ABC268,Oct-18,10/27/2018,Class 3,Europe,Chris,Customer 9,2,10/31/2018
Laptop,ABC269,Oct-18,10/27/2018,Class 3,Europe,Chris,Customer 9,45,10/31/2018
Laptop,ABC270,Oct-18,10/27/2018,Class 3,Europe,Chris,Customer 9,4,10/31/2018
Laptop,ABC271,Oct-18,10/27/2018,Class 3,Europe,Chris,Customer 9,9,10/31/2018
Desktop,ABC272,Oct-18,10/27/2018,Class 3,Europe,Chris,Customer 9,7,10/31/2018
Laptop,ABC273,Oct-18,10/27/2018,Class 3,Europe,Chris,Customer 9,55,10/31/2018
Mobile,ABC274,Oct-18,10/27/2018,Class 3,Europe,Chris,Customer 9,3,10/31/2018
Laptop,ABC275,Oct-18,10/27/2018,Class 3,Europe,Chris,Customer 9,12,10/31/2018
Laptop,ABC276,Oct-18,10/27/2018,Class 3,Europe,Chris,Customer 9,16,10/31/2018
Tablet,ABC156,Oct-18,10/18/2018,Class 5,America,John,Customer 13,23,10/22/2018
Mobile,ABC157,Oct-18,10/18/2018,Class 5,America,John,Customer 13,90,10/22/2018
Laptop,ABC158,Oct-18,10/18/2018,Class 5,America,John,Customer 13,65,10/22/2018
Laptop,ABC159,Oct-18,10/18/2018,Class 5,America,John,Customer 13,54,10/22/2018
Tablet,ABC160,Oct-18,10/18/2018,Class 5,America,John,Customer 13,43,10/22/2018
Laptop,ABC161,Oct-18,10/18/2018,Class 5,America,John,Customer 13,22,10/22/2018
Laptop,ABC162,Oct-18,10/18/2018,Class 5,America,John,Customer 15,11,10/22/2018
Laptop,ABC163,Oct-18,10/18/2018,Class 5,America,John,Customer 15,2,10/22/2018
Laptop,ABC164,Oct-18,10/18/2018,Class 5,America,John,Customer 14,2,10/22/2018
Mobile,ABC165,Oct-18,10/18/2018,Class 5,America,John,Customer 14,45,10/22/2018
Laptop,ABC166,Oct-18,10/18/2018,Class 5,America,John,Customer 14,4,10/22/2018
Desktop,ABC167,Oct-18,10/18/2018,Class 5,America,John,Customer 14,9,10/22/2018
Laptop,ABC168,Oct-18,10/18/2018,Class 5,America,John,Customer 14,7,10/22/2018
Mobile,ABC169,Oct-18,10/18/2018,Class 5,America,John,Customer 14,55,10/22/2018
Laptop,ABC170,Oct-18,10/18/2018,Class 5,America,John,Customer 14,3,10/22/2018
Desktop,ABC171,Oct-18,10/18/2018,Class 5,America,John,Customer 11,12,10/22/2018
Laptop,ABC172,Oct-18,10/18/2018,Class 5,America,John,Customer 11,16,10/22/2018
Laptop,ABC173,Oct-18,10/18/2018,Class 5,America,John,Customer 11,1,10/22/2018
Laptop,ABC174,Oct-18,10/18/2018,Class 5,America,John,Customer 11,34,10/22/2018
Desktop,ABC175,Oct-18,10/18/2018,Class 5,America,John,Customer 11,55,10/22/2018
Laptop,ABC176,Oct-18,10/18/2018,Class 5,America,John,Customer 11,21,10/22/2018
Mobile,ABC177,Oct-18,10/18/2018,Class 5,America,John,Customer 11,12,10/22/2018
Laptop,ABC178,Oct-18,10/18/2018,Class 5,America,John,Customer 11,23,10/22/2018
Desktop,ABC179,Oct-18,10/18/2018,Class 5,America,John,Customer 11,55,10/22/2018
Tablet,ABC180,Oct-18,10/15/2018,Class 7,China,Ben,Customer 11,67,10/19/2018
Mobile,ABC181,Oct-18,10/15/2018,Class 7,China,Ben,Customer 1,87,10/19/2018
Laptop,ABC182,Oct-18,10/15/2018,Class 7,China,Ben,Customer 1,54,10/19/2018
Desktop,ABC183,Oct-18,10/15/2018,Class 7,China,Ben,Customer 1,32,10/19/2018
Tablet,ABC184,Oct-18,10/15/2018,Class 7,China,Ben,Customer 1,34,10/19/2018
Mobile,ABC185,Oct-18,10/15/2018,Class 7,China,Ben,Customer 1,65,10/19/2018
Laptop,ABC186,Oct-18,10/15/2018,Class 7,China,Ben,Customer 1,87,10/19/2018
Desktop,ABC187,Oct-18,10/15/2018,Class 7,China,Ben,Customer 5,89,10/19/2018
Tablet,ABC188,Oct-18,10/15/2018,Class 7,China,Ben,Customer 5,77,10/19/2018
Mobile,ABC189,Oct-18,10/15/2018,Class 7,China,Ben,Customer 5,51,10/19/2018
Laptop,ABC190,Oct-18,10/15/2018,Class 8,China,Ben,Customer 5,23,10/19/2018
Desktop,ABC191,Oct-18,10/15/2018,Class 8,China,Ben,Customer 5,90,10/19/2018
Tablet,ABC192,Oct-18,10/15/2018,Class 8,China,Ben,Customer 5,65,10/19/2018
Mobile,ABC193,Oct-18,10/15/2018,Class 8,China,Ben,Customer 5,54,10/19/2018
Laptop,ABC194,Oct-18,10/15/2018,Class 8,China,Ben,Customer 5,43,10/19/2018
Desktop,ABC195,Oct-18,10/15/2018,Class 8,China,Ben,Customer 5,22,10/19/2018
Tablet,ABC196,Oct-18,10/15/2018,Class 8,China,Ben,Customer 5,11,10/19/2018
Mobile,ABC197,Oct-18,10/15/2018,Class 8,China,Ben,Customer 5,2,10/19/2018
Laptop,ABC198,Oct-18,10/15/2018,Class 8,China,Ben,Customer 5,2,10/19/2018
Desktop,ABC199,Oct-18,10/15/2018,Class 8,China,Ben,Customer 5,45,10/19/2018
Tablet,ABC200,Oct-18,10/15/2018,Class 8,China,Ben,Customer 7,4,10/19/2018
Mobile,ABC201,Oct-18,10/15/2018,Class 8,China,Ben,Customer 7,9,10/19/2018
Laptop,ABC202,Oct-18,10/15/2018,Class 8,China,Ben,Customer 7,7,10/19/2018
Desktop,ABC203,Oct-18,10/15/2018,Class 8,China,Ben,Customer 7,55,10/19/2018
Tablet,ABC204,Oct-18,10/15/2018,Class 8,China,Ben,Customer 7,3,10/19/2018
Mobile,ABC136,Oct-18,10/14/2018,Class 4,Europe,Chris,Customer 6,12,10/18/2018
Laptop,ABC137,Oct-18,10/14/2018,Class 4,Europe,Chris,Customer 6,16,10/18/2018
Desktop,ABC138,Oct-18,10/14/2018,Class 4,Europe,Chris,Customer 6,1,10/18/2018
Tablet,ABC139,Oct-18,10/14/2018,Class 4,Europe,Chris,Customer 10,34,10/18/2018
Mobile,ABC140,Oct-18,10/14/2018,Class 4,Europe,Chris,Customer 10,56,10/18/2018
Laptop,ABC141,Oct-18,10/14/2018,Class 4,Europe,Chris,Customer 10,55,10/18/2018
Desktop,ABC142,Oct-18,10/14/2018,Class 4,Europe,Chris,Customer 10,21,10/18/2018
Tablet,ABC143,Oct-18,10/14/2018,Class 4,Europe,Chris,Customer 10,12,10/18/2018
Mobile,ABC144,Oct-18,10/14/2018,Class 4,Europe,Chris,Customer 10,23,10/18/2018
Laptop,ABC145,Oct-18,10/14/2018,Class 4,Europe,Chris,Customer 10,55,10/18/2018
Desktop,ABC146,Oct-18,10/14/2018,Class 4,Europe,Chris,Customer 10,67,10/18/2018
Tablet,ABC147,Oct-18,10/14/2018,Class 4,Europe,Chris,Customer 13,87,10/18/2018
Mobile,ABC148,Oct-18,10/14/2018,Class 4,Europe,Chris,Customer 13,54,10/18/2018
Laptop,ABC149,Oct-18,10/14/2018,Class 4,Europe,Chris,Customer 13,32,10/18/2018
Desktop,ABC150,Oct-18,10/14/2018,Class 4,Europe,Chris,Customer 13,34,10/18/2018
Tablet,ABC151,Oct-18,10/14/2018,Class 4,Europe,Chris,Customer 13,65,10/18/2018
Mobile,ABC152,Oct-18,10/14/2018,Class 4,Europe,Chris,Customer 13,87,10/18/2018
Laptop,ABC153,Oct-18,10/14/2018,Class 4,Europe,Chris,Customer 13,89,10/18/2018
Desktop,ABC154,Oct-18,10/14/2018,Class 4,Europe,Chris,Customer 13,77,10/18/2018
Tablet,ABC155,Oct-18,10/14/2018,Class 5,Europe,Chris,Customer 13,51,10/18/2018
Mobile,ABC088,Oct-18,10/2/2018,Class 6,Asia,Mary,Customer 5,65,10/6/2018
Laptop,ABC089,Oct-18,10/2/2018,Class 6,Asia,Mary,Customer 5,54,10/6/2018
Desktop,ABC090,Oct-18,10/2/2018,Class 6,Asia,Mary,Customer 5,43,10/6/2018
Tablet,ABC091,Oct-18,10/2/2018,Class 6,Asia,Mary,Customer 3,22,10/6/2018
Mobile,ABC092,Oct-18,10/2/2018,Class 6,Asia,Mary,Customer 3,11,10/6/2018
Laptop,ABC093,Oct-18,10/2/2018,Class 6,Asia,Mary,Customer 3,2,10/6/2018
Desktop,ABC094,Oct-18,10/2/2018,Class 6,Asia,Mary,Customer 3,2,10/6/2018
Tablet,ABC095,Oct-18,10/2/2018,Class 6,Asia,Mary,Customer 3,45,10/6/2018
Mobile,ABC096,Oct-18,10/2/2018,Class 6,Asia,Mary,Customer 3,4,10/6/2018
Laptop,ABC097,Oct-18,10/2/2018,Class 1,Asia,Mary,Customer 3,9,10/6/2018
Desktop,ABC098,Oct-18,10/2/2018,Class 1,Asia,Mary,Customer 3,7,10/6/2018
Tablet,ABC099,Oct-18,10/2/2018,Class 1,Asia,Mary,Customer 4,55,10/6/2018
Mobile,ABC100,Oct-18,10/2/2018,Class 1,Asia,Mary,Customer 4,3,10/6/2018
Laptop,ABC101,Oct-18,10/2/2018,Class 1,Asia,Mary,Customer 4,12,10/6/2018
Desktop,ABC102,Oct-18,10/2/2018,Class 1,Asia,Mary,Customer 4,16,10/6/2018
Tablet,ABC103,Oct-18,10/2/2018,Class 1,Asia,Mary,Customer 4,1,10/6/2018
Mobile,ABC104,Oct-18,10/2/2018,Class 1,Asia,Mary,Customer 9,34,10/6/2018
Laptop,ABC105,Oct-18,10/2/2018,Class 1,Asia,Mary,Customer 9,56,10/6/2018
Desktop,ABC106,Oct-18,10/2/2018,Class 1,Asia,Mary,Customer 9,55,10/6/2018
Tablet,ABC107,Oct-18,10/2/2018,Class 1,Asia,Mary,Customer 9,21,10/6/2018
Mobile,ABC108,Oct-18,10/2/2018,Class 1,Asia,Mary,Customer 9,12,10/6/2018
Laptop,ABC109,Oct-18,10/2/2018,Class 1,Asia,Mary,Customer 9,23,10/6/2018
Desktop,ABC110,Oct-18,10/2/2018,Class 1,Asia,Mary,Customer 9,55,10/6/2018
Tablet,ABC111,Oct-18,10/2/2018,Class 1,Asia,Mary,Customer 9,67,10/6/2018
Mobile,ABC112,Oct-18,10/2/2018,Class 3,Asia,Mary,Customer 9,87,10/6/2018
Laptop,ABC113,Oct-18,10/2/2018,Class 3,Asia,Mary,Customer 9,54,10/6/2018
Desktop,ABC114,Oct-18,10/2/2018,Class 3,Asia,Mary,Customer 9,32,10/6/2018
Tablet,ABC115,Oct-18,10/2/2018,Class 3,Asia,Mary,Customer 9,34,10/6/2018
Mobile,ABC116,Oct-18,10/2/2018,Class 3,Asia,Mary,Customer 9,65,10/6/2018
Laptop,ABC117,Oct-18,10/2/2018,Class 3,Asia,Mary,Customer 9,87,10/6/2018
Desktop,ABC118,Oct-18,10/2/2018,Class 3,Asia,Mary,Customer 9,89,10/6/2018
Tablet,ABC119,Oct-18,10/2/2018,Class 3,Asia,Mary,Customer 9,77,10/6/2018
Mobile,ABC120,Oct-18,10/2/2018,Class 3,Asia,Mary,Customer 9,51,10/6/2018
Laptop,ABC121,Oct-18,10/2/2018,Class 3,Asia,Mary,Customer 9,23,10/6/2018
Desktop,ABC122,Oct-18,10/2/2018,Class 3,Asia,Mary,Customer 6,90,10/6/2018
Tablet,ABC123,Oct-18,10/2/2018,Class 3,Asia,Mary,Customer 6,65,10/6/2018
Mobile,ABC124,Oct-18,10/2/2018,Class 3,Asia,Mary,Customer 6,54,10/6/2018
Laptop,ABC125,Oct-18,10/2/2018,Class 3,Asia,Mary,Customer 6,43,10/6/2018
Desktop,ABC126,Oct-18,10/2/2018,Class 3,Asia,Mary,Customer 6,22,10/6/2018
Tablet,ABC127,Oct-18,10/2/2018,Class 3,Asia,Mary,Customer 6,11,10/6/2018
Mobile,ABC128,Oct-18,10/2/2018,Class 3,Asia,Mary,Customer 6,2,10/6/2018
Laptop,ABC129,Oct-18,10/2/2018,Class 3,Asia,Mary,Customer 6,2,10/6/2018
Desktop,ABC130,Oct-18,10/2/2018,Class 3,Asia,Mary,Customer 6,45,10/6/2018
Tablet,ABC131,Oct-18,10/2/2018,Class 3,Asia,Mary,Customer 6,4,10/6/2018
Mobile,ABC132,Oct-18,10/2/2018,Class 3,Asia,Mary,Customer 6,9,10/6/2018
Laptop,ABC133,Oct-18,10/2/2018,Class 3,Asia,Mary,Customer 6,7,10/6/2018
Desktop,ABC134,Oct-18,10/2/2018,Class 3,Asia,Mary,Customer 6,55,10/6/2018
Tablet,ABC135,Oct-18,10/2/2018,Class 3,Asia,Mary,Customer 6,3,10/6/2018
Mobile,ABC277,Sep-18,9/22/2018,Class 3,Europe,Chris,Customer 9,1,9/26/2018
Laptop,ABC278,Sep-18,9/22/2018,Class 3,Europe,Chris,Customer 9,34,9/26/2018
Desktop,ABC279,Sep-18,9/22/2018,Class 3,Europe,Chris,Customer 9,56,9/26/2018
Tablet,ABC280,Sep-18,9/22/2018,Class 3,Europe,Chris,Customer 9,55,9/26/2018
Mobile,ABC281,Sep-18,9/22/2018,Class 3,Europe,Chris,Customer 9,21,9/26/2018
Laptop,ABC282,Sep-18,9/22/2018,Class 3,Europe,Chris,Customer 9,12,9/26/2018
Desktop,ABC283,Sep-18,9/22/2018,Class 3,Europe,Chris,Customer 6,23,9/26/2018
Tablet,ABC284,Sep-18,9/22/2018,Class 3,Europe,Chris,Customer 6,55,9/26/2018
Mobile,ABC285,Sep-18,9/22/2018,Class 3,Europe,Chris,Customer 6,67,9/26/2018
Laptop,ABC286,Sep-18,9/22/2018,Class 3,Europe,Chris,Customer 6,87,9/26/2018
Desktop,ABC287,Sep-18,9/22/2018,Class 3,Europe,Chris,Customer 6,54,9/26/2018
Tablet,ABC288,Sep-18,9/22/2018,Class 3,Europe,Chris,Customer 6,32,9/26/2018
Mobile,ABC289,Sep-18,9/22/2018,Class 3,Europe,Chris,Customer 6,34,9/26/2018
Laptop,ABC290,Sep-18,9/22/2018,Class 4,Europe,Chris,Customer 6,65,9/26/2018
Desktop,ABC291,Sep-18,9/22/2018,Class 4,Europe,Chris,Customer 6,87,9/26/2018
Tablet,ABC292,Sep-18,9/22/2018,Class 4,Europe,Chris,Customer 6,89,9/26/2018
Mobile,ABC293,Sep-18,9/22/2018,Class 4,Europe,Chris,Customer 6,77,9/26/2018
Laptop,ABC294,Sep-18,9/22/2018,Class 4,Europe,Chris,Customer 6,51,9/26/2018
Desktop,ABC295,Sep-18,9/22/2018,Class 4,Europe,Chris,Customer 6,23,9/26/2018
Tablet,ABC296,Sep-18,9/22/2018,Class 4,Europe,Chris,Customer 6,90,9/26/2018
Mobile,ABC297,Sep-18,9/22/2018,Class 4,Europe,Chris,Customer 6,65,9/26/2018
Laptop,ABC298,Sep-18,9/22/2018,Class 4,Europe,Chris,Customer 6,54,9/26/2018
Desktop,ABC299,Sep-18,9/22/2018,Class 4,Europe,Chris,Customer 6,43,9/26/2018
Tablet,ABC300,Sep-18,9/22/2018,Class 4,Europe,Chris,Customer 10,22,9/26/2018
Mobile,ABC301,Sep-18,9/19/2018,Class 4,Europe,Chris,Customer 10,11,9/23/2018
Laptop,ABC302,Sep-18,9/19/2018,Class 4,Europe,Chris,Customer 10,2,9/23/2018
Desktop,ABC303,Sep-18,9/19/2018,Class 4,Europe,Chris,Customer 10,2,9/23/2018
Tablet,ABC304,Sep-18,9/19/2018,Class 4,Europe,Chris,Customer 10,45,9/23/2018
Mobile,ABC305,Sep-18,9/19/2018,Class 4,Europe,Chris,Customer 10,4,9/23/2018
Laptop,ABC306,Sep-18,9/19/2018,Class 4,Europe,Chris,Customer 10,9,9/23/2018
Desktop,ABC307,Sep-18,9/19/2018,Class 4,Europe,Chris,Customer 10,7,9/23/2018
Tablet,ABC308,Sep-18,9/19/2018,Class 4,Europe,Chris,Customer 13,55,9/23/2018
Mobile,ABC309,Sep-18,9/19/2018,Class 4,Europe,Chris,Customer 13,3,9/23/2018
Laptop,ABC310,Sep-18,9/19/2018,Class 4,Europe,Chris,Customer 13,12,9/23/2018
Desktop,ABC311,Sep-18,9/19/2018,Class 4,Europe,Chris,Customer 13,16,9/23/2018
Tablet,ABC312,Sep-18,9/19/2018,Class 4,Europe,Chris,Customer 13,1,9/23/2018
Mobile,ABC313,Sep-18,9/19/2018,Class 4,Europe,Chris,Customer 13,34,9/23/2018
Laptop,ABC314,Sep-18,9/19/2018,Class 4,Europe,Chris,Customer 13,56,9/23/2018
Desktop,ABC315,Sep-18,9/19/2018,Class 4,Europe,Chris,Customer 13,55,9/23/2018
Tablet,ABC316,Sep-18,9/19/2018,Class 5,Europe,Chris,Customer 13,21,9/23/2018
Mobile,ABC317,Sep-18,9/19/2018,Class 5,Europe,Chris,Customer 13,12,9/23/2018
Laptop,ABC318,Sep-18,9/19/2018,Class 5,Europe,Chris,Customer 13,23,9/23/2018
Desktop,ABC319,Sep-18,9/19/2018,Class 5,Europe,Chris,Customer 13,55,9/23/2018
Tablet,ABC320,Sep-18,9/19/2018,Class 5,Europe,Chris,Customer 13,67,9/23/2018
Mobile,ABC321,Sep-18,9/19/2018,Class 5,Europe,Chris,Customer 13,87,9/23/2018
Laptop,ABC322,Sep-18,9/19/2018,Class 5,Europe,Chris,Customer 13,54,9/23/2018
Desktop,ABC323,Sep-18,9/19/2018,Class 5,Europe,Chris,Customer 15,32,9/23/2018
Tablet,ABC324,Sep-18,9/19/2018,Class 5,Europe,Chris,Customer 15,34,9/23/2018
Mobile,ABC325,Sep-18,9/19/2018,Class 5,Europe,Chris,Customer 14,65,9/23/2018
Laptop,ABC326,Sep-18,9/15/2018,Class 5,Asia,Mary,Customer 14,87,9/19/2018
Desktop,ABC327,Sep-18,9/15/2018,Class 5,Asia,Mary,Customer 14,89,9/19/2018
Tablet,ABC328,Sep-18,9/15/2018,Class 5,Asia,Mary,Customer 14,77,9/19/2018
Mobile,ABC329,Sep-18,9/15/2018,Class 5,Asia,Mary,Customer 14,51,9/19/2018
Laptop,ABC330,Sep-18,9/15/2018,Class 5,Asia,Mary,Customer 14,23,9/19/2018
Desktop,ABC331,Sep-18,9/15/2018,Class 5,Asia,Mary,Customer 14,90,9/19/2018
Tablet,ABC332,Sep-18,9/15/2018,Class 5,Asia,Mary,Customer 11,65,9/19/2018
Mobile,ABC333,Sep-18,9/15/2018,Class 5,Asia,Mary,Customer 11,54,9/19/2018
Laptop,ABC334,Sep-18,9/15/2018,Class 6,Asia,Mary,Customer 11,43,9/19/2018
Desktop,ABC335,Sep-18,9/15/2018,Class 6,Asia,Mary,Customer 11,22,9/19/2018
Tablet,ABC336,Sep-18,9/15/2018,Class 6,Asia,Mary,Customer 11,11,9/19/2018
Mobile,ABC337,Sep-18,9/15/2018,Class 6,Asia,Mary,Customer 11,2,9/19/2018
Laptop,ABC338,Sep-18,9/15/2018,Class 6,Asia,Mary,Customer 11,2,9/19/2018
Desktop,ABC339,Sep-18,9/15/2018,Class 6,Asia,Mary,Customer 11,45,9/19/2018
Tablet,ABC340,Sep-18,9/15/2018,Class 6,Asia,Mary,Customer 11,4,9/19/2018
Mobile,ABC341,Sep-18,9/15/2018,Class 6,Asia,Mary,Customer 11,9,9/19/2018
Laptop,ABC342,Sep-18,9/15/2018,Class 6,Asia,Mary,Customer 1,7,9/19/2018
Desktop,ABC343,Sep-18,9/15/2018,Class 6,Asia,Mary,Customer 1,55,9/19/2018
Tablet,ABC344,Sep-18,9/14/2018,Class 6,Asia,Mary,Customer 1,3,9/18/2018
Mobile,ABC345,Sep-18,9/14/2018,Class 6,Europe,Mary,Customer 1,12,9/18/2018
Laptop,ABC346,Sep-18,9/14/2018,Class 6,Europe,Mary,Customer 1,16,9/18/2018
Desktop,ABC347,Sep-18,9/14/2018,Class 1,Europe,Mary,Customer 1,1,9/18/2018
Tablet,ABC348,Sep-18,9/14/2018,Class 1,Europe,Mary,Customer 5,34,9/18/2018
Mobile,ABC349,Sep-18,9/14/2018,Class 1,Europe,Mary,Customer 5,56,9/18/2018
Laptop,ABC350,Sep-18,9/14/2018,Class 1,Asia,Mary,Customer 5,55,9/18/2018
Desktop,ABC351,Sep-18,9/14/2018,Class 1,Asia,Mary,Customer 5,21,9/18/2018
Tablet,ABC352,Sep-18,9/14/2018,Class 1,Asia,Mary,Customer 5,12,9/18/2018
Mobile,ABC353,Sep-18,9/14/2018,Class 1,Asia,Mary,Customer 5,23,9/18/2018
Laptop,ABC354,Sep-18,9/14/2018,Class 1,Asia,Mary,Customer 5,55,9/18/2018
Desktop,ABC355,Sep-18,9/14/2018,Class 1,Asia,Mary,Customer 5,67,9/18/2018
Tablet,ABC356,Sep-18,9/14/2018,Class 1,Asia,Mary,Customer 5,87,9/18/2018
Mobile,ABC357,Sep-18,9/14/2018,Class 1,Asia,Mary,Customer 5,54,9/18/2018
Laptop,ABC358,Sep-18,9/14/2018,Class 1,Asia,Mary,Customer 5,32,9/18/2018
Desktop,ABC359,Sep-18,9/10/2018,Class 1,Japan,Sam,Customer 5,34,9/14/2018
Tablet,ABC360,Sep-18,9/10/2018,Class 1,Japan,Sam,Customer 5,65,9/14/2018
Mobile,ABC361,Sep-18,9/10/2018,Class 1,Japan,Sam,Customer 7,87,9/14/2018
Laptop,ABC362,Sep-18,9/10/2018,Class 3,Japan,Sam,Customer 7,89,9/14/2018
Desktop,ABC363,Sep-18,9/10/2018,Class 3,Japan,Sam,Customer 7,77,9/14/2018
Tablet,ABC364,Sep-18,9/10/2018,Class 3,Japan,Sam,Customer 7,51,9/14/2018
Mobile,ABC365,Sep-18,9/10/2018,Class 3,Japan,Sam,Customer 7,23,9/14/2018
Laptop,ABC366,Sep-18,9/10/2018,Class 3,Europe,Sam,Customer 7,90,9/14/2018
Desktop,ABC367,Sep-18,9/10/2018,Class 3,Europe,Sam,Customer 7,65,9/14/2018
Tablet,ABC368,Sep-18,9/10/2018,Class 3,Europe,Sam,Customer 8,54,9/14/2018
Mobile,ABC369,Sep-18,9/10/2018,Class 3,Europe,Sam,Customer 8,43,9/14/2018
Laptop,ABC370,Sep-18,9/10/2018,Class 3,Europe,Sam,Customer 8,22,9/14/2018
Desktop,ABC371,Sep-18,9/10/2018,Class 3,Asia,Sam,Customer 8,11,9/14/2018
Tablet,ABC372,Sep-18,9/10/2018,Class 3,Asia,Sam,Customer 12,2,9/14/2018
Mobile,ABC373,Sep-18,9/10/2018,Class 3,Asia,Sam,Customer 12,2,9/14/2018
Laptop,ABC374,Sep-18,9/10/2018,Class 3,Asia,Sam,Customer 12,45,9/14/2018
Desktop,ABC375,Sep-18,9/10/2018,Class 3,Asia,Sam,Customer 12,4,9/14/2018
Tablet,ABC376,Sep-18,9/10/2018,Class 3,Japan,Sam,Customer 12,9,9/14/2018
Mobile,ABC377,Sep-18,9/10/2018,Class 3,Europe,Sam,Customer 12,7,9/14/2018
Laptop,ABC378,Sep-18,9/10/2018,Class 3,Europe,Sam,Customer 12,55,9/14/2018
Desktop,ABC379,Sep-18,9/10/2018,Class 3,Europe,Sam,Customer 12,3,9/14/2018
Tablet,ABC380,Sep-18,9/10/2018,Class 3,Europe,Sam,Customer 12,12,9/14/2018
Mobile,ABC381,Sep-18,9/10/2018,Class 3,Europe,Sam,Customer 12,16,9/14/2018
Laptop,ABC382,Sep-18,9/10/2018,Class 3,Europe,Sam,Customer 12,1,9/14/2018
Desktop,ABC383,Sep-18,9/10/2018,Class 3,Asia,Sam,Customer 12,34,9/14/2018
Tablet,ABC384,Sep-18,9/10/2018,Class 3,Asia,Sam,Customer 12,56,9/14/2018
Mobile,ABC385,Sep-18,9/10/2018,Class 3,Asia,Sam,Customer 12,55,9/14/2018
Laptop,ABC386,Sep-18,9/10/2018,Class 4,Asia,Sam,Customer 12,21,9/14/2018
Desktop,ABC387,Sep-18,9/10/2018,Class 4,Asia,Sam,Customer 2,12,9/14/2018
Tablet,ABC388,Sep-18,9/10/2018,Class 4,Japan,Sam,Customer 2,23,9/14/2018
Mobile,ABC389,Sep-18,9/10/2018,Class 4,Japan,Sam,Customer 2,55,9/14/2018
Laptop,ABC390,Sep-18,9/10/2018,Class 4,Japan,Sam,Customer 2,67,9/14/2018
Desktop,ABC391,Sep-18,9/10/2018,Class 4,Japan,Sam,Customer 2,87,9/14/2018
Tablet,ABC392,Sep-18,9/10/2018,Class 4,Japan,Sam,Customer 2,54,9/14/2018
Mobile,ABC393,Sep-18,9/10/2018,Class 4,Japan,Sam,Customer 2,32,9/14/2018
Laptop,ABC394,Sep-18,9/10/2018,Class 4,Japan,Sam,Customer 2,34,9/14/2018
Desktop,ABC395,Sep-18,9/10/2018,Class 4,Japan,Sam,Customer 5,65,9/14/2018
Tablet,ABC483,Aug-18,8/26/2018,Class 9,America,John,Customer 13,9,8/28/2018
Mobile,ABC484,Aug-18,8/26/2018,Class 9,America,John,Customer 15,7,8/28/2018
Laptop,ABC485,Aug-18,8/26/2018,Class 9,America,John,Customer 15,55,8/28/2018
Desktop,ABC486,Aug-18,8/26/2018,Class 9,America,John,Customer 14,3,8/30/2018
Tablet,ABC487,Aug-18,8/26/2018,Class 9,America,John,Customer 14,12,8/30/2018
Mobile,ABC488,Aug-18,8/26/2018,Class 10,America,John,Customer 14,16,8/30/2018
Laptop,ABC489,Aug-18,8/26/2018,Class 10,America,John,Customer 14,1,8/30/2018
Desktop,ABC490,Aug-18,8/26/2018,Class 10,Europe,John,Customer 14,34,8/30/2018
Tablet,ABC491,Aug-18,8/26/2018,Class 10,Europe,John,Customer 14,56,8/30/2018
Mobile,ABC492,Aug-18,8/26/2018,Class 10,Europe,John,Customer 14,34,8/30/2018
Laptop,ABC493,Aug-18,8/26/2018,Class 10,Europe,John,Customer 11,22,8/30/2018
Desktop,ABC494,Aug-18,8/26/2018,Class 10,Europe,John,Customer 11,46,8/30/2018
Tablet,ABC495,Aug-18,8/26/2018,Class 10,Asia,John,Customer 11,78,8/30/2018
Mobile,ABC496,Aug-18,8/26/2018,Class 10,Asia,John,Customer 11,4,8/30/2018
Laptop,ABC497,Aug-18,8/26/2018,Class 10,Asia,John,Customer 11,44,8/30/2018
Desktop,ABC498,Aug-18,8/26/2018,Class 10,Asia,John,Customer 11,2,8/30/2018
Tablet,ABC499,Aug-18,8/26/2018,Class 10,Asia,John,Customer 11,57,8/30/2018
Mobile,ABC500,Aug-18,8/26/2018,Class 10,America,John,Customer 11,43,8/30/2018
Laptop,ABC461,Aug-18,8/23/2018,Class 8,Asia,Mary,Customer 10,2,8/27/2018
Desktop,ABC462,Aug-18,8/23/2018,Class 8,Asia,Mary,Customer 10,57,8/27/2018
Tablet,ABC463,Aug-18,8/23/2018,Class 8,Asia,Mary,Customer 10,43,8/27/2018
Mobile,ABC464,Aug-18,8/23/2018,Class 8,Asia,Mary,Customer 10,54,8/27/2018
Laptop,ABC465,Aug-18,8/23/2018,Class 8,Asia,Mary,Customer 10,32,8/27/2018
Desktop,ABC466,Aug-18,8/23/2018,Class 8,Asia,Mary,Customer 10,34,8/27/2018
Tablet,ABC467,Aug-18,8/23/2018,Class 8,Asia,Mary,Customer 10,65,8/27/2018
Mobile,ABC468,Aug-18,8/23/2018,Class 8,Asia,Mary,Customer 10,87,8/27/2018
Laptop,ABC469,Aug-18,8/23/2018,Class 8,Asia,Mary,Customer 13,89,8/27/2018
Desktop,ABC470,Aug-18,8/23/2018,Class 9,Asia,Mary,Customer 13,77,8/27/2018
Tablet,ABC471,Aug-18,8/23/2018,Class 9,Asia,Mary,Customer 13,51,8/27/2018
Mobile,ABC472,Aug-18,8/23/2018,Class 9,Asia,Mary,Customer 13,23,8/27/2018
Laptop,ABC473,Aug-18,8/23/2018,Class 9,Europe,Mary,Customer 13,90,8/27/2018
Desktop,ABC474,Aug-18,8/23/2018,Class 9,Europe,Mary,Customer 13,65,8/27/2018
Tablet,ABC475,Aug-18,8/23/2018,Class 9,Europe,Mary,Customer 13,54,8/27/2018
Mobile,ABC476,Aug-18,8/23/2018,Class 9,Europe,Mary,Customer 13,43,8/27/2018
Laptop,ABC477,Aug-18,8/23/2018,Class 9,Europe,Mary,Customer 13,22,8/27/2018
Desktop,ABC478,Aug-18,8/23/2018,Class 9,Asia,Mary,Customer 13,11,8/27/2018
Tablet,ABC479,Aug-18,8/23/2018,Class 9,Asia,Mary,Customer 13,2,8/25/2018
Mobile,ABC480,Aug-18,8/23/2018,Class 9,Asia,Mary,Customer 13,2,8/25/2018
Laptop,ABC481,Aug-18,8/23/2018,Class 9,Asia,Mary,Customer 13,45,8/25/2018
Desktop,ABC482,Aug-18,8/23/2018,Class 9,Asia,Mary,Customer 13,4,8/25/2018
Tablet,ABC413,Aug-18,8/17/2018,Class 5,Japan,Sam,Customer 3,55,8/21/2018
Mobile,ABC414,Aug-18,8/17/2018,Class 5,Japan,Sam,Customer 3,3,8/21/2018
Laptop,ABC415,Aug-18,8/17/2018,Class 5,Japan,Sam,Customer 3,12,8/21/2018
Desktop,ABC416,Aug-18,8/17/2018,Class 5,Japan,Sam,Customer 3,16,8/21/2018
Tablet,ABC417,Aug-18,8/17/2018,Class 5,Japan,Sam,Customer 3,1,8/21/2018
Mobile,ABC418,Aug-18,8/17/2018,Class 5,Japan,Sam,Customer 3,34,8/21/2018
Laptop,ABC419,Aug-18,8/17/2018,Class 5,Japan,Sam,Customer 3,56,8/21/2018
Desktop,ABC420,Aug-18,8/17/2018,Class 5,Japan,Sam,Customer 3,55,8/21/2018
Tablet,ABC421,Aug-18,8/17/2018,Class 5,Japan,Sam,Customer 4,21,8/21/2018
Mobile,ABC422,Aug-18,8/17/2018,Class 5,Japan,Sam,Customer 4,12,8/21/2018
Laptop,ABC423,Aug-18,8/17/2018,Class 5,Japan,Sam,Customer 4,23,8/21/2018
Desktop,ABC424,Aug-18,8/17/2018,Class 5,Japan,Sam,Customer 4,55,8/21/2018
Tablet,ABC425,Aug-18,8/17/2018,Class 5,Japan,Sam,Customer 4,67,8/21/2018
Mobile,ABC426,Aug-18,8/17/2018,Class 5,Japan,Sam,Customer 9,87,8/21/2018
Laptop,ABC427,Aug-18,8/17/2018,Class 5,Japan,Sam,Customer 9,54,8/21/2018
Desktop,ABC428,Aug-18,8/17/2018,Class 5,Japan,Sam,Customer 9,32,8/21/2018
Tablet,ABC429,Aug-18,8/17/2018,Class 5,Japan,Sam,Customer 9,34,8/21/2018
Mobile,ABC430,Aug-18,8/17/2018,Class 7,Japan,Sam,Customer 9,65,8/21/2018
Laptop,ABC431,Aug-18,8/17/2018,Class 7,Japan,Sam,Customer 9,87,8/21/2018
Desktop,ABC432,Aug-18,8/17/2018,Class 7,Japan,Sam,Customer 9,89,8/21/2018
Tablet,ABC433,Aug-18,8/17/2018,Class 7,Japan,Sam,Customer 9,77,8/21/2018
Mobile,ABC434,Aug-18,8/17/2018,Class 7,Japan,Sam,Customer 9,51,8/21/2018
Laptop,ABC435,Aug-18,8/17/2018,Class 7,Japan,Sam,Customer 9,23,8/21/2018
Desktop,ABC436,Aug-18,8/17/2018,Class 7,Japan,Sam,Customer 9,90,8/21/2018
Tablet,ABC437,Aug-18,8/17/2018,Class 7,Japan,Sam,Customer 9,65,8/21/2018
Mobile,ABC438,Aug-18,8/17/2018,Class 7,Japan,Sam,Customer 9,54,8/21/2018
Laptop,ABC439,Aug-18,8/17/2018,Class 7,Japan,Sam,Customer 9,43,8/21/2018
Desktop,ABC440,Aug-18,8/17/2018,Class 8,Japan,Sam,Customer 9,22,8/21/2018
Tablet,ABC441,Aug-18,8/17/2018,Class 8,Japan,Sam,Customer 9,11,8/21/2018
Mobile,ABC442,Aug-18,8/17/2018,Class 8,Japan,Sam,Customer 9,2,8/21/2018
Laptop,ABC443,Aug-18,8/17/2018,Class 8,Japan,Sam,Customer 9,2,8/21/2018
Desktop,ABC444,Aug-18,8/17/2018,Class 8,Japan,Sam,Customer 6,45,8/21/2018
Tablet,ABC445,Aug-18,8/17/2018,Class 8,Japan,Sam,Customer 6,4,8/21/2018
Mobile,ABC446,Aug-18,8/17/2018,Class 8,Japan,Sam,Customer 6,9,8/21/2018
Laptop,ABC447,Aug-18,8/17/2018,Class 8,Japan,Sam,Customer 6,7,8/21/2018
Desktop,ABC448,Aug-18,8/17/2018,Class 8,Japan,Sam,Customer 6,55,8/21/2018
Tablet,ABC449,Aug-18,8/17/2018,Class 8,Japan,Sam,Customer 6,3,8/21/2018
Mobile,ABC450,Aug-18,8/17/2018,Class 8,Japan,Sam,Customer 6,12,8/21/2018
Laptop,ABC451,Aug-18,8/17/2018,Class 8,Japan,Sam,Customer 6,16,8/21/2018
Desktop,ABC452,Aug-18,8/17/2018,Class 8,Japan,Sam,Customer 6,1,8/21/2018
Tablet,ABC453,Aug-18,8/17/2018,Class 8,Japan,Sam,Customer 6,34,8/21/2018
Mobile,ABC454,Aug-18,8/17/2018,Class 8,Japan,Sam,Customer 6,56,8/21/2018
Laptop,ABC455,Aug-18,8/17/2018,Class 8,Japan,Sam,Customer 6,34,8/21/2018
Desktop,ABC456,Aug-18,8/17/2018,Class 8,Japan,Sam,Customer 6,22,8/21/2018
Tablet,ABC457,Aug-18,8/17/2018,Class 8,Japan,Sam,Customer 6,46,8/21/2018
Mobile,ABC458,Aug-18,8/17/2018,Class 8,Japan,Sam,Customer 6,78,8/21/2018
Laptop,ABC459,Aug-18,8/17/2018,Class 8,Japan,Sam,Customer 6,4,8/21/2018
Desktop,ABC460,Aug-18,8/17/2018,Class 8,Japan,Sam,Customer 6,44,8/21/2018
Tablet,ABC396,Aug-18,8/12/2018,Class 4,America,John,Customer 5,87,8/16/2018
Mobile,ABC397,Aug-18,8/12/2018,Class 4,America,John,Customer 5,89,8/16/2018
Laptop,ABC398,Aug-18,8/12/2018,Class 4,America,John,Customer 5,77,8/16/2018
Desktop,ABC399,Aug-18,8/12/2018,Class 4,America,John,Customer 5,51,8/16/2018
Tablet,ABC400,Aug-18,8/12/2018,Class 4,America,John,Customer 5,23,8/16/2018
Mobile,ABC401,Aug-18,8/12/2018,Class 4,America,John,Customer 5,90,8/16/2018
Laptop,ABC402,Aug-18,8/12/2018,Class 4,America,John,Customer 5,65,8/16/2018
Desktop,ABC403,Aug-18,8/12/2018,Class 4,America,John,Customer 5,54,8/16/2018
Tablet,ABC404,Aug-18,8/12/2018,Class 4,America,John,Customer 5,43,8/16/2018
Mobile,ABC405,Aug-18,8/12/2018,Class 5,America,John,Customer 5,22,8/16/2018
Laptop,ABC406,Aug-18,8/12/2018,Class 5,America,John,Customer 5,11,8/16/2018
Desktop,ABC407,Aug-18,8/12/2018,Class 5,America,John,Customer 5,2,8/16/2018
Laptop,ABC408,Aug-18,8/12/2018,Class 5,America,John,Customer 5,2,8/16/2018
Mobile,ABC409,Aug-18,8/12/2018,Class 5,America,John,Customer 5,45,8/16/2018
Laptop,ABC410,Aug-18,8/12/2018,Class 5,America,John,Customer 5,4,8/16/2018
Laptop,ABC411,Aug-18,8/12/2018,Class 5,America,John,Customer 5,9,8/16/2018
Laptop,ABC412,Aug-18,8/12/2018,Class 5,America,John,Customer 5,7,8/16/2018
Mobile,ABC001,Jul-18,7/9/2018,Class 1,America,John,Customer 15,55,7/13/2018
Laptop,ABC002,Jul-18,7/9/2018,Class 1,America,John,Customer 15,21,7/13/2018
Desktop,ABC003,Jul-18,7/9/2018,Class 1,America,John,Customer 14,12,7/13/2018
Tablet,ABC004,Jul-18,7/9/2018,Class 2,America,John,Customer 14,23,7/13/2018
Mobile,ABC005,Jul-18,7/9/2018,Class 2,America,John,Customer 14,55,7/13/2018
Laptop,ABC006,Jul-18,7/9/2018,Class 2,America,John,Customer 14,67,7/13/2018
Desktop,ABC054,Jun-18,6/26/2018,Class 4,China,Ben,Customer 12,54,6/30/2018
Tablet,ABC055,Jun-18,6/26/2018,Class 4,China,Ben,Customer 12,43,6/30/2018
Mobile,ABC056,Jun-18,6/26/2018,Class 4,China,Ben,Customer 12,22,6/30/2018
Laptop,ABC057,Jun-18,6/26/2018,Class 4,China,Ben,Customer 12,11,6/30/2018
Desktop,ABC058,Jun-18,6/26/2018,Class 4,China,Ben,Customer 12,2,6/30/2018
Tablet,ABC059,Jun-18,6/26/2018,Class 4,China,Ben,Customer 12,2,6/30/2018
Mobile,ABC060,Jun-18,6/26/2018,Class 4,China,Ben,Customer 12,45,6/30/2018
Laptop,ABC061,Jun-18,6/26/2018,Class 4,China,Ben,Customer 12,4,6/30/2018
Desktop,ABC062,Jun-18,6/26/2018,Class 4,China,Ben,Customer 12,9,6/30/2018
Tablet,ABC063,Jun-18,6/26/2018,Class 4,China,Ben,Customer 12,7,6/30/2018
Mobile,ABC064,Jun-18,6/26/2018,Class 4,China,Ben,Customer 12,55,6/30/2018
Laptop,ABC065,Jun-18,6/26/2018,Class 4,China,Ben,Customer 2,3,6/30/2018
Desktop,ABC066,Jun-18,6/26/2018,Class 5,China,Ben,Customer 2,12,6/30/2018
Tablet,ABC067,Jun-18,6/26/2018,Class 5,China,Ben,Customer 2,16,6/30/2018
Mobile,ABC068,Jun-18,6/19/2018,Class 5,Japan,Sam,Customer 2,1,6/23/2018
Laptop,ABC069,Jun-18,6/19/2018,Class 5,Japan,Sam,Customer 2,34,6/23/2018
Desktop,ABC070,Jun-18,6/19/2018,Class 5,Japan,Sam,Customer 2,56,6/23/2018
Tablet,ABC071,Jun-18,6/19/2018,Class 5,Japan,Sam,Customer 2,55,6/23/2018
Mobile,ABC072,Jun-18,6/19/2018,Class 5,Japan,Sam,Customer 2,21,6/23/2018
Laptop,ABC073,Jun-18,6/19/2018,Class 5,Japan,Sam,Customer 5,12,6/23/2018
Desktop,ABC074,Jun-18,6/19/2018,Class 5,Japan,Sam,Customer 5,23,6/23/2018
Tablet,ABC075,Jun-18,6/19/2018,Class 5,Japan,Sam,Customer 5,55,6/23/2018
Mobile,ABC076,Jun-18,6/19/2018,Class 5,Japan,Sam,Customer 5,67,6/23/2018
Laptop,ABC077,Jun-18,6/19/2018,Class 5,Japan,Sam,Customer 5,87,6/23/2018
Desktop,ABC078,Jun-18,6/19/2018,Class 5,Japan,Sam,Customer 5,54,6/23/2018
Tablet,ABC079,Jun-18,6/19/2018,Class 5,Japan,Sam,Customer 5,32,6/23/2018
Mobile,ABC080,Jun-18,6/19/2018,Class 5,Japan,Sam,Customer 5,34,6/23/2018
Laptop,ABC081,Jun-18,6/19/2018,Class 5,Japan,Sam,Customer 5,65,6/23/2018
Desktop,ABC082,Jun-18,6/19/2018,Class 5,Japan,Sam,Customer 5,87,6/23/2018
Tablet,ABC083,Jun-18,6/19/2018,Class 5,Japan,Sam,Customer 5,89,6/23/2018
Mobile,ABC084,Jun-18,6/19/2018,Class 6,Japan,Sam,Customer 5,77,6/23/2018
Laptop,ABC085,Jun-18,6/19/2018,Class 6,Japan,Sam,Customer 5,51,6/23/2018
Desktop,ABC086,Jun-18,6/19/2018,Class 6,Japan,Sam,Customer 5,23,6/23/2018
Tablet,ABC087,Jun-18,6/19/2018,Class 6,Japan,Sam,Customer 5,90,6/23/2018
Mobile,ABC007,Jun-18,6/10/2018,Class 2,China,Ben,Customer 14,87,6/14/2018
Laptop,ABC008,Jun-18,6/10/2018,Class 2,China,Ben,Customer 14,54,6/14/2018
Desktop,ABC009,Jun-18,6/10/2018,Class 2,China,Ben,Customer 14,32,6/14/2018
Tablet,ABC010,Jun-18,6/10/2018,Class 2,China,Ben,Customer 11,34,6/14/2018
Mobile,ABC011,Jun-18,6/10/2018,Class 2,China,Ben,Customer 11,65,6/14/2018
Laptop,ABC012,Jun-18,6/10/2018,Class 2,China,Ben,Customer 11,87,6/14/2018
Desktop,ABC013,Jun-18,6/10/2018,Class 2,China,Ben,Customer 11,89,6/14/2018
Tablet,ABC014,Jun-18,6/10/2018,Class 2,China,Ben,Customer 11,77,6/16/2018
Mobile,ABC015,Jun-18,6/10/2018,Class 2,China,Ben,Customer 11,51,6/16/2018
Desktop,ABC016,Jun-18,6/10/2018,Class 3,China,Ben,Customer 11,23,6/16/2018
Tablet,ABC017,Jun-18,6/10/2018,Class 3,China,Ben,Customer 11,90,6/16/2018
Mobile,ABC018,Jun-18,6/10/2018,Class 3,China,Ben,Customer 11,65,6/16/2018
Laptop,ABC019,Jun-18,6/10/2018,Class 3,China,Ben,Customer 11,54,6/16/2018
Laptop,ABC020,Jun-18,6/10/2018,Class 3,China,Ben,Customer 1,43,6/16/2018
Desktop,ABC021,Jun-18,6/10/2018,Class 3,China,Ben,Customer 1,22,6/16/2018
Tablet,ABC022,Jun-18,6/10/2018,Class 3,China,Ben,Customer 1,11,6/16/2018
Mobile,ABC023,Jun-18,6/10/2018,Class 3,China,Ben,Customer 1,2,6/14/2018
Laptop,ABC024,Jun-18,6/10/2018,Class 3,China,Ben,Customer 1,2,6/14/2018
Desktop,ABC025,Jun-18,6/10/2018,Class 3,China,Ben,Customer 1,45,6/14/2018
Tablet,ABC026,Jun-18,6/10/2018,Class 3,China,Ben,Customer 5,4,6/14/2018
Mobile,ABC027,Jun-18,6/10/2018,Class 3,China,Ben,Customer 5,9,6/14/2018
Laptop,ABC028,Jun-18,6/10/2018,Class 3,China,Ben,Customer 5,7,6/14/2018
Desktop,ABC029,Jun-18,6/10/2018,Class 3,China,Ben,Customer 5,55,6/14/2018
Tablet,ABC030,Jun-18,6/10/2018,Class 3,China,Ben,Customer 5,3,6/14/2018
Mobile,ABC031,Jun-18,6/10/2018,Class 3,China,Ben,Customer 5,12,6/14/2018
Laptop,ABC032,Jun-18,6/10/2018,Class 3,China,Ben,Customer 5,16,6/14/2018
Desktop,ABC033,Jun-18,6/10/2018,Class 3,China,Ben,Customer 5,1,6/14/2018
Tablet,ABC034,Jun-18,6/10/2018,Class 3,China,Ben,Customer 5,34,6/14/2018
Mobile,ABC035,Jun-18,6/10/2018,Class 3,China,Ben,Customer 5,56,6/14/2018
Laptop,ABC036,Jun-18,6/10/2018,Class 3,China,Ben,Customer 5,55,6/14/2018
Desktop,ABC037,Jun-18,6/10/2018,Class 3,China,Ben,Customer 5,21,6/14/2018
Tablet,ABC038,Jun-18,6/10/2018,Class 3,China,Ben,Customer 5,12,6/14/2018
Desktop,ABC039,Jun-18,6/10/2018,Class 3,China,Ben,Customer 7,23,6/14/2018
Desktop,ABC040,Jun-18,6/10/2018,Class 4,China,Ben,Customer 7,55,6/14/2018
Desktop,ABC041,Jun-18,6/10/2018,Class 4,China,Ben,Customer 7,67,6/14/2018
Desktop,ABC042,Jun-18,6/10/2018,Class 4,China,Ben,Customer 7,87,6/14/2018
Desktop,ABC043,Jun-18,6/10/2018,Class 4,China,Ben,Customer 7,54,6/14/2018
Desktop,ABC044,Jun-18,6/10/2018,Class 4,China,Ben,Customer 7,32,6/14/2018
Desktop,ABC045,Jun-18,6/10/2018,Class 4,China,Ben,Customer 7,34,6/14/2018
Desktop,ABC046,Jun-18,6/10/2018,Class 4,China,Ben,Customer 8,65,6/14/2018
Tablet,ABC047,Jun-18,6/10/2018,Class 4,China,Ben,Customer 8,87,6/14/2018
Mobile,ABC048,Jun-18,6/10/2018,Class 4,China,Ben,Customer 8,89,6/14/2018
Laptop,ABC049,Jun-18,6/10/2018,Class 4,China,Ben,Customer 8,77,6/14/2018
Tablet,ABC050,Jun-18,6/10/2018,Class 4,China,Ben,Customer 12,51,6/14/2018
Mobile,ABC051,Jun-18,6/10/2018,Class 4,China,Ben,Customer 12,23,6/14/2018
Laptop,ABC052,Jun-18,6/10/2018,Class 4,China,Ben,Customer 12,90,6/14/2018
Desktop,ABC053,Jun-18,6/10/2018,Class 4,China,Ben,Customer 12,65,6/14/2018
Tablet,ABC205,May-18,5/27/2018,Class 8,Europe,Chris,Customer 7,12,5/31/2018
Mobile,ABC206,May-18,5/27/2018,Class 8,Europe,Chris,Customer 7,16,5/31/2018
Laptop,ABC207,May-18,5/27/2018,Class 8,Europe,Chris,Customer 8,1,5/31/2018
Desktop,ABC208,May-18,5/27/2018,Class 8,Europe,Chris,Customer 8,34,5/31/2018
Tablet,ABC209,May-18,5/27/2018,Class 8,Europe,Chris,Customer 8,56,5/31/2018
Mobile,ABC210,May-18,5/27/2018,Class 8,Europe,Chris,Customer 8,55,5/31/2018
Laptop,ABC211,May-18,5/27/2018,Class 8,Europe,Chris,Customer 12,21,5/31/2018
Desktop,ABC212,May-18,5/27/2018,Class 8,Europe,Chris,Customer 12,12,5/31/2018
Tablet,ABC213,May-18,5/27/2018,Class 8,Europe,Chris,Customer 12,23,5/31/2018
Mobile,ABC214,May-18,5/27/2018,Class 8,Europe,Chris,Customer 12,55,5/31/2018
Laptop,ABC215,May-18,5/27/2018,Class 8,Europe,Chris,Customer 12,67,5/31/2018
Desktop,ABC216,May-18,5/27/2018,Class 8,Europe,Chris,Customer 12,87,5/31/2018
Tablet,ABC217,May-18,5/27/2018,Class 8,Europe,Chris,Customer 12,54,5/31/2018
Mobile,ABC218,May-18,5/27/2018,Class 8,Europe,Chris,Customer 12,32,5/31/2018
Laptop,ABC219,May-18,5/27/2018,Class 8,Europe,Chris,Customer 12,34,5/31/2018
Desktop,ABC220,May-18,5/27/2018,Class 9,Europe,Chris,Customer 12,65,5/31/2018
Desktop,ABC221,May-18,5/27/2018,Class 9,Europe,Chris,Customer 12,87,5/31/2018
Desktop,ABC222,May-18,5/27/2018,Class 9,Europe,Chris,Customer 12,89,5/31/2018
Tablet,ABC223,May-18,5/27/2018,Class 9,Europe,Chris,Customer 12,77,5/31/2018
Mobile,ABC224,May-18,5/27/2018,Class 9,Europe,Chris,Customer 12,51,5/31/2018
Tablet,ABC225,May-18,5/27/2018,Class 9,Europe,Chris,Customer 12,23,5/31/2018
Mobile,ABC226,May-18,5/27/2018,Class 9,Europe,Chris,Customer 2,90,5/31/2018
Laptop,ABC227,May-18,5/27/2018,Class 9,Europe,Chris,Customer 2,65,5/31/2018
Mobile,ABC228,May-18,5/27/2018,Class 9,Europe,Chris,Customer 2,54,5/31/2018
Tablet,ABC229,May-18,5/27/2018,Class 9,Europe,Chris,Customer 2,43,5/31/2018
Tablet,ABC230,May-18,5/27/2018,Class 9,Europe,Chris,Customer 2,22,5/31/2018
Tablet,ABC231,May-18,5/27/2018,Class 9,Europe,Chris,Customer 2,11,5/31/2018
Mobile,ABC232,May-18,5/27/2018,Class 9,Europe,Chris,Customer 2,2,5/31/2018
Tablet,ABC233,May-18,5/27/2018,Class 9,Europe,Chris,Customer 2,2,5/31/2018
Mobile,ABC234,May-18,5/27/2018,Class 9,Europe,Chris,Customer 5,45,5/31/2018
Laptop,ABC235,May-18,5/27/2018,Class 9,Europe,Chris,Customer 5,4,5/31/2018
Tablet,ABC236,May-18,5/27/2018,Class 9,Europe,Chris,Customer 5,9,5/31/2018
Mobile,ABC237,May-18,5/27/2018,Class 9,Europe,Chris,Customer 5,7,5/31/2018
Laptop,ABC238,May-18,5/27/2018,Class 10,Europe,Chris,Customer 5,55,5/31/2018
Laptop,ABC239,May-18,5/27/2018,Class 10,Europe,Chris,Customer 5,3,5/31/2018
Tablet,ABC240,May-18,5/27/2018,Class 10,Europe,Chris,Customer 5,12,5/31/2018
Tablet,ABC241,May-18,5/27/2018,Class 10,Europe,Chris,Customer 5,16,5/31/2018
Tablet,ABC242,May-18,5/27/2018,Class 10,Europe,Chris,Customer 5,1,5/31/2018
Tablet,ABC243,May-18,5/27/2018,Class 10,Europe,Chris,Customer 5,34,5/31/2018
Tablet,ABC244,May-18,5/27/2018,Class 10,Europe,Chris,Customer 5,56,5/31/2018
Tablet,ABC245,May-18,5/27/2018,Class 10,Europe,Chris,Customer 5,55,5/31/2018
Mobile,ABC246,May-18,5/27/2018,Class 10,Europe,Chris,Customer 5,21,5/31/2018
Laptop,ABC247,May-18,5/27/2018,Class 10,Europe,Chris,Customer 5,12,5/31/2018
Desktop,ABC248,May-18,5/27/2018,Class 10,Europe,Chris,Customer 5,23,5/31/2018
Tablet,ABC249,May-18,5/27/2018,Class 10,Europe,Chris,Customer 5,55,5/31/2018
Tablet,ABC250,May-18,5/27/2018,Class 10,Europe,Chris,Customer 5,67,5/31/2018
Tablet,ABC251,May-18,5/27/2018,Class 1,Europe,Chris,Customer 5,87,5/31/2018
Tablet,ABC252,May-18,5/27/2018,Class 1,Europe,Chris,Customer 3,54,5/31/2018
Mobile,ABC253,May-18,5/27/2018,Class 1,Europe,Chris,Customer 3,32,5/31/2018
Laptop,ABC254,May-18,5/27/2018,Class 2,Europe,Chris,Customer 3,34,5/31/2018
Laptop,ABC255,May-18,5/27/2018,Class 2,Europe,Chris,Customer 3,65,5/31/2018
Desktop,ABC256,May-18,5/27/2018,Class 2,Europe,Chris,Customer 3,87,5/31/2018
Tablet,ABC257,May-18,5/27/2018,Class 2,Europe,Chris,Customer 3,89,5/31/2018
Mobile,ABC258,May-18,5/27/2018,Class 2,Europe,Chris,Customer 3,77,5/31/2018
Laptop,ABC259,May-18,5/27/2018,Class 2,Europe,Chris,Customer 3,51,5/31/2018
Desktop,ABC260,May-18,5/27/2018,Class 2,Europe,Chris,Customer 4,23,5/31/2018
Laptop,ABC261,May-18,5/27/2018,Class 2,Europe,Chris,Customer 4,90,5/31/2018
Laptop,ABC262,May-18,5/27/2018,Class 2,Europe,Chris,Customer 4,65,5/31/2018
Laptop,ABC263,May-18,5/27/2018,Class 2,Europe,Chris,Customer 4,54,5/31/2018
Laptop,ABC264,May-18,5/27/2018,Class 2,Europe,Chris,Customer 4,43,5/31/2018
Tablet,ABC265,May-18,5/27/2018,Class 2,Europe,Chris,Customer 9,22,5/31/2018
Laptop,ABC266,May-18,5/27/2018,Class 3,Europe,Chris,Customer 9,11,5/31/2018
Laptop,ABC267,May-18,5/27/2018,Class 3,Europe,Chris,Customer 9,2,5/31/2018
Desktop,ABC268,May-18,5/27/2018,Class 3,Europe,Chris,Customer 9,2,5/31/2018
Laptop,ABC269,May-18,5/27/2018,Class 3,Europe,Chris,Customer 9,45,5/31/2018
Laptop,ABC270,May-18,5/27/2018,Class 3,Europe,Chris,Customer 9,4,5/31/2018
Laptop,ABC271,May-18,5/27/2018,Class 3,Europe,Chris,Customer 9,9,5/31/2018
Desktop,ABC272,May-18,5/27/2018,Class 3,Europe,Chris,Customer 9,7,5/31/2018
Laptop,ABC273,May-18,5/27/2018,Class 3,Europe,Chris,Customer 9,55,5/31/2018
Mobile,ABC274,May-18,5/27/2018,Class 3,Europe,Chris,Customer 9,3,5/31/2018
Laptop,ABC275,May-18,5/27/2018,Class 3,Europe,Chris,Customer 9,12,5/31/2018
Laptop,ABC276,May-18,5/27/2018,Class 3,Europe,Chris,Customer 9,16,5/31/2018
Tablet,ABC156,May-18,5/18/2018,Class 5,America,John,Customer 13,23,5/22/2018
Mobile,ABC157,May-18,5/18/2018,Class 5,America,John,Customer 13,90,5/22/2018
Laptop,ABC158,May-18,5/18/2018,Class 5,America,John,Customer 13,65,5/22/2018
Laptop,ABC159,May-18,5/18/2018,Class 5,America,John,Customer 13,54,5/22/2018
Tablet,ABC160,May-18,5/18/2018,Class 5,America,John,Customer 13,43,5/22/2018
Laptop,ABC161,May-18,5/18/2018,Class 5,America,John,Customer 13,22,5/22/2018
Laptop,ABC162,May-18,5/18/2018,Class 5,America,John,Customer 15,11,5/22/2018
Laptop,ABC163,May-18,5/18/2018,Class 5,America,John,Customer 15,2,5/22/2018
Laptop,ABC164,May-18,5/18/2018,Class 5,America,John,Customer 14,2,5/22/2018
Mobile,ABC165,May-18,5/18/2018,Class 5,America,John,Customer 14,45,5/22/2018
Laptop,ABC166,May-18,5/18/2018,Class 5,America,John,Customer 14,4,5/22/2018
Desktop,ABC167,May-18,5/18/2018,Class 5,America,John,Customer 14,9,5/22/2018
Laptop,ABC168,May-18,5/18/2018,Class 5,America,John,Customer 14,7,5/22/2018
Mobile,ABC169,May-18,5/18/2018,Class 5,America,John,Customer 14,55,5/22/2018
Laptop,ABC170,May-18,5/18/2018,Class 5,America,John,Customer 14,3,5/22/2018
Desktop,ABC171,May-18,5/18/2018,Class 5,America,John,Customer 11,12,5/22/2018
Laptop,ABC172,May-18,5/18/2018,Class 5,America,John,Customer 11,16,5/22/2018
Laptop,ABC173,May-18,5/18/2018,Class 5,America,John,Customer 11,1,5/22/2018
Laptop,ABC174,May-18,5/18/2018,Class 5,America,John,Customer 11,34,5/22/2018
Desktop,ABC175,May-18,5/18/2018,Class 5,America,John,Customer 11,55,5/22/2018
Laptop,ABC176,May-18,5/18/2018,Class 5,America,John,Customer 11,21,5/22/2018
Mobile,ABC177,May-18,5/18/2018,Class 5,America,John,Customer 11,12,5/22/2018
Laptop,ABC178,May-18,5/18/2018,Class 5,America,John,Customer 11,23,5/22/2018
Desktop,ABC179,May-18,5/18/2018,Class 5,America,John,Customer 11,55,5/22/2018
Tablet,ABC180,May-18,5/15/2018,Class 7,China,Ben,Customer 11,67,5/19/2018
Mobile,ABC181,May-18,5/15/2018,Class 7,China,Ben,Customer 1,87,5/19/2018
Laptop,ABC182,May-18,5/15/2018,Class 7,China,Ben,Customer 1,54,5/19/2018
Desktop,ABC183,May-18,5/15/2018,Class 7,China,Ben,Customer 1,32,5/19/2018
Tablet,ABC184,May-18,5/15/2018,Class 7,China,Ben,Customer 1,34,5/19/2018
Mobile,ABC185,May-18,5/15/2018,Class 7,China,Ben,Customer 1,65,5/19/2018
Laptop,ABC186,May-18,5/15/2018,Class 7,China,Ben,Customer 1,87,5/19/2018
Desktop,ABC187,May-18,5/15/2018,Class 7,China,Ben,Customer 5,89,5/19/2018
Tablet,ABC188,May-18,5/15/2018,Class 7,China,Ben,Customer 5,77,5/19/2018
Mobile,ABC189,May-18,5/15/2018,Class 7,China,Ben,Customer 5,51,5/19/2018
Laptop,ABC190,May-18,5/15/2018,Class 8,China,Ben,Customer 5,23,5/19/2018
Desktop,ABC191,May-18,5/15/2018,Class 8,China,Ben,Customer 5,90,5/19/2018
Tablet,ABC192,May-18,5/15/2018,Class 8,China,Ben,Customer 5,65,5/19/2018
Mobile,ABC193,May-18,5/15/2018,Class 8,China,Ben,Customer 5,54,5/19/2018
Laptop,ABC194,May-18,5/15/2018,Class 8,China,Ben,Customer 5,43,5/19/2018
Desktop,ABC195,May-18,5/15/2018,Class 8,China,Ben,Customer 5,22,5/19/2018
Tablet,ABC196,May-18,5/15/2018,Class 8,China,Ben,Customer 5,11,5/19/2018
Mobile,ABC197,May-18,5/15/2018,Class 8,China,Ben,Customer 5,2,5/19/2018
Laptop,ABC198,May-18,5/15/2018,Class 8,China,Ben,Customer 5,2,5/19/2018
Desktop,ABC199,May-18,5/15/2018,Class 8,China,Ben,Customer 5,45,5/19/2018
Tablet,ABC200,May-18,5/15/2018,Class 8,China,Ben,Customer 7,4,5/19/2018
Mobile,ABC201,May-18,5/15/2018,Class 8,China,Ben,Customer 7,9,5/19/2018
Laptop,ABC202,May-18,5/15/2018,Class 8,China,Ben,Customer 7,7,5/19/2018
Desktop,ABC203,May-18,5/15/2018,Class 8,China,Ben,Customer 7,55,5/19/2018
Tablet,ABC204,May-18,5/15/2018,Class 8,China,Ben,Customer 7,3,5/19/2018
Mobile,ABC136,May-18,5/14/2018,Class 4,Europe,Chris,Customer 6,12,5/18/2018
Laptop,ABC137,May-18,5/14/2018,Class 4,Europe,Chris,Customer 6,16,5/18/2018
Desktop,ABC138,May-18,5/14/2018,Class 4,Europe,Chris,Customer 6,1,5/18/2018
Tablet,ABC139,May-18,5/14/2018,Class 4,Europe,Chris,Customer 10,34,5/18/2018
Mobile,ABC140,May-18,5/14/2018,Class 4,Europe,Chris,Customer 10,56,5/18/2018
Laptop,ABC141,May-18,5/14/2018,Class 4,Europe,Chris,Customer 10,55,5/18/2018
Desktop,ABC142,May-18,5/14/2018,Class 4,Europe,Chris,Customer 10,21,5/18/2018
Tablet,ABC143,May-18,5/14/2018,Class 4,Europe,Chris,Customer 10,12,5/18/2018
Mobile,ABC144,May-18,5/14/2018,Class 4,Europe,Chris,Customer 10,23,5/18/2018
Laptop,ABC145,May-18,5/14/2018,Class 4,Europe,Chris,Customer 10,55,5/18/2018
Desktop,ABC146,May-18,5/14/2018,Class 4,Europe,Chris,Customer 10,67,5/18/2018
Tablet,ABC147,May-18,5/14/2018,Class 4,Europe,Chris,Customer 13,87,5/18/2018
Mobile,ABC148,May-18,5/14/2018,Class 4,Europe,Chris,Customer 13,54,5/18/2018
Laptop,ABC149,May-18,5/14/2018,Class 4,Europe,Chris,Customer 13,32,5/18/2018
Desktop,ABC150,May-18,5/14/2018,Class 4,Europe,Chris,Customer 13,34,5/18/2018
Tablet,ABC151,May-18,5/14/2018,Class 4,Europe,Chris,Customer 13,65,5/18/2018
Mobile,ABC152,May-18,5/14/2018,Class 4,Europe,Chris,Customer 13,87,5/18/2018
Laptop,ABC153,May-18,5/14/2018,Class 4,Europe,Chris,Customer 13,89,5/18/2018
Desktop,ABC154,May-18,5/14/2018,Class 4,Europe,Chris,Customer 13,77,5/18/2018
Tablet,ABC155,May-18,5/14/2018,Class 5,Europe,Chris,Customer 13,51,5/18/2018
Mobile,ABC088,May-18,5/2/2018,Class 6,Asia,Mary,Customer 5,65,5/6/2018
Laptop,ABC089,May-18,5/2/2018,Class 6,Asia,Mary,Customer 5,54,5/6/2018
Desktop,ABC090,May-18,5/2/2018,Class 6,Asia,Mary,Customer 5,43,5/6/2018
Tablet,ABC091,May-18,5/2/2018,Class 6,Asia,Mary,Customer 3,22,5/6/2018
Mobile,ABC092,May-18,5/2/2018,Class 6,Asia,Mary,Customer 3,11,5/6/2018
Laptop,ABC093,May-18,5/2/2018,Class 6,Asia,Mary,Customer 3,2,5/6/2018
Desktop,ABC094,May-18,5/2/2018,Class 6,Asia,Mary,Customer 3,2,5/6/2018
Tablet,ABC095,May-18,5/2/2018,Class 6,Asia,Mary,Customer 3,45,5/6/2018
Mobile,ABC096,May-18,5/2/2018,Class 6,Asia,Mary,Customer 3,4,5/6/2018
Laptop,ABC097,May-18,5/2/2018,Class 1,Asia,Mary,Customer 3,9,5/6/2018
Desktop,ABC098,May-18,5/2/2018,Class 1,Asia,Mary,Customer 3,7,5/6/2018
Tablet,ABC099,May-18,5/2/2018,Class 1,Asia,Mary,Customer 4,55,5/6/2018
Mobile,ABC100,May-18,5/2/2018,Class 1,Asia,Mary,Customer 4,3,5/6/2018
Laptop,ABC101,May-18,5/2/2018,Class 1,Asia,Mary,Customer 4,12,5/6/2018
Desktop,ABC102,May-18,5/2/2018,Class 1,Asia,Mary,Customer 4,16,5/6/2018
Tablet,ABC103,May-18,5/2/2018,Class 1,Asia,Mary,Customer 4,1,5/6/2018
Mobile,ABC104,May-18,5/2/2018,Class 1,Asia,Mary,Customer 9,34,5/6/2018
Laptop,ABC105,May-18,5/2/2018,Class 1,Asia,Mary,Customer 9,56,5/6/2018
Desktop,ABC106,May-18,5/2/2018,Class 1,Asia,Mary,Customer 9,55,5/6/2018
Tablet,ABC107,May-18,5/2/2018,Class 1,Asia,Mary,Customer 9,21,5/6/2018
Mobile,ABC108,May-18,5/2/2018,Class 1,Asia,Mary,Customer 9,12,5/6/2018
Laptop,ABC109,May-18,5/2/2018,Class 1,Asia,Mary,Customer 9,23,5/6/2018
Desktop,ABC110,May-18,5/2/2018,Class 1,Asia,Mary,Customer 9,55,5/6/2018
Tablet,ABC111,May-18,5/2/2018,Class 1,Asia,Mary,Customer 9,67,5/6/2018
Mobile,ABC112,May-18,5/2/2018,Class 3,Asia,Mary,Customer 9,87,5/6/2018
Laptop,ABC113,May-18,5/2/2018,Class 3,Asia,Mary,Customer 9,54,5/6/2018
Desktop,ABC114,May-18,5/2/2018,Class 3,Asia,Mary,Customer 9,32,5/6/2018
Tablet,ABC115,May-18,5/2/2018,Class 3,Asia,Mary,Customer 9,34,5/6/2018
Mobile,ABC116,May-18,5/2/2018,Class 3,Asia,Mary,Customer 9,65,5/6/2018
Laptop,ABC117,May-18,5/2/2018,Class 3,Asia,Mary,Customer 9,87,5/6/2018
Desktop,ABC118,May-18,5/2/2018,Class 3,Asia,Mary,Customer 9,89,5/6/2018
Tablet,ABC119,May-18,5/2/2018,Class 3,Asia,Mary,Customer 9,77,5/6/2018
Mobile,ABC120,May-18,5/2/2018,Class 3,Asia,Mary,Customer 9,51,5/6/2018
Laptop,ABC121,May-18,5/2/2018,Class 3,Asia,Mary,Customer 9,23,5/6/2018
Desktop,ABC122,May-18,5/2/2018,Class 3,Asia,Mary,Customer 6,90,5/6/2018
Tablet,ABC123,May-18,5/2/2018,Class 3,Asia,Mary,Customer 6,65,5/6/2018
Mobile,ABC124,May-18,5/2/2018,Class 3,Asia,Mary,Customer 6,54,5/6/2018
Laptop,ABC125,May-18,5/2/2018,Class 3,Asia,Mary,Customer 6,43,5/6/2018
Desktop,ABC126,May-18,5/2/2018,Class 3,Asia,Mary,Customer 6,22,5/6/2018
Tablet,ABC127,May-18,5/2/2018,Class 3,Asia,Mary,Customer 6,11,5/6/2018
Mobile,ABC128,May-18,5/2/2018,Class 3,Asia,Mary,Customer 6,2,5/6/2018
Laptop,ABC129,May-18,5/2/2018,Class 3,Asia,Mary,Customer 6,2,5/6/2018
Desktop,ABC130,May-18,5/2/2018,Class 3,Asia,Mary,Customer 6,45,5/6/2018
Tablet,ABC131,May-18,5/2/2018,Class 3,Asia,Mary,Customer 6,4,5/6/2018
Mobile,ABC132,May-18,5/2/2018,Class 3,Asia,Mary,Customer 6,9,5/6/2018
Laptop,ABC133,May-18,5/2/2018,Class 3,Asia,Mary,Customer 6,7,5/6/2018
Desktop,ABC134,May-18,5/2/2018,Class 3,Asia,Mary,Customer 6,55,5/6/2018
Tablet,ABC135,May-18,5/2/2018,Class 3,Asia,Mary,Customer 6,3,5/6/2018
Mobile,ABC277,Apr-18,4/22/2018,Class 3,Europe,Chris,Customer 9,1,4/26/2018
Laptop,ABC278,Apr-18,4/22/2018,Class 3,Europe,Chris,Customer 9,34,4/26/2018
Desktop,ABC279,Apr-18,4/22/2018,Class 3,Europe,Chris,Customer 9,56,4/26/2018
Tablet,ABC280,Apr-18,4/22/2018,Class 3,Europe,Chris,Customer 9,55,4/26/2018
Mobile,ABC281,Apr-18,4/22/2018,Class 3,Europe,Chris,Customer 9,21,4/26/2018
Laptop,ABC282,Apr-18,4/22/2018,Class 3,Europe,Chris,Customer 9,12,4/26/2018
Desktop,ABC283,Apr-18,4/22/2018,Class 3,Europe,Chris,Customer 6,23,4/26/2018
Tablet,ABC284,Apr-18,4/22/2018,Class 3,Europe,Chris,Customer 6,55,4/26/2018
Mobile,ABC285,Apr-18,4/22/2018,Class 3,Europe,Chris,Customer 6,67,4/26/2018
Laptop,ABC286,Apr-18,4/22/2018,Class 3,Europe,Chris,Customer 6,87,4/26/2018
Desktop,ABC287,Apr-18,4/22/2018,Class 3,Europe,Chris,Customer 6,54,4/26/2018
Tablet,ABC288,Apr-18,4/22/2018,Class 3,Europe,Chris,Customer 6,32,4/26/2018
Mobile,ABC289,Apr-18,4/22/2018,Class 3,Europe,Chris,Customer 6,34,4/26/2018
Laptop,ABC290,Apr-18,4/22/2018,Class 4,Europe,Chris,Customer 6,65,4/26/2018
Desktop,ABC291,Apr-18,4/22/2018,Class 4,Europe,Chris,Customer 6,87,4/26/2018
Tablet,ABC292,Apr-18,4/22/2018,Class 4,Europe,Chris,Customer 6,89,4/26/2018
Mobile,ABC293,Apr-18,4/22/2018,Class 4,Europe,Chris,Customer 6,77,4/26/2018
Laptop,ABC294,Apr-18,4/22/2018,Class 4,Europe,Chris,Customer 6,51,4/26/2018
Desktop,ABC295,Apr-18,4/22/2018,Class 4,Europe,Chris,Customer 6,23,4/26/2018
Tablet,ABC296,Apr-18,4/22/2018,Class 4,Europe,Chris,Customer 6,90,4/26/2018
Mobile,ABC297,Apr-18,4/22/2018,Class 4,Europe,Chris,Customer 6,65,4/26/2018
Laptop,ABC298,Apr-18,4/22/2018,Class 4,Europe,Chris,Customer 6,54,4/26/2018
Desktop,ABC299,Apr-18,4/22/2018,Class 4,Europe,Chris,Customer 6,43,4/26/2018
Tablet,ABC300,Apr-18,4/22/2018,Class 4,Europe,Chris,Customer 10,22,4/26/2018
Mobile,ABC301,Apr-18,4/19/2018,Class 4,Europe,Chris,Customer 10,11,4/23/2018
Laptop,ABC302,Apr-18,4/19/2018,Class 4,Europe,Chris,Customer 10,2,4/23/2018
Desktop,ABC303,Apr-18,4/19/2018,Class 4,Europe,Chris,Customer 10,2,4/23/2018
Tablet,ABC304,Apr-18,4/19/2018,Class 4,Europe,Chris,Customer 10,45,4/23/2018
Mobile,ABC305,Apr-18,4/19/2018,Class 4,Europe,Chris,Customer 10,4,4/23/2018
Laptop,ABC306,Apr-18,4/19/2018,Class 4,Europe,Chris,Customer 10,9,4/23/2018
Desktop,ABC307,Apr-18,4/19/2018,Class 4,Europe,Chris,Customer 10,7,4/23/2018
Tablet,ABC308,Apr-18,4/19/2018,Class 4,Europe,Chris,Customer 13,55,4/23/2018
Mobile,ABC309,Apr-18,4/19/2018,Class 4,Europe,Chris,Customer 13,3,4/23/2018
Laptop,ABC310,Apr-18,4/19/2018,Class 4,Europe,Chris,Customer 13,12,4/23/2018
Desktop,ABC311,Apr-18,4/19/2018,Class 4,Europe,Chris,Customer 13,16,4/23/2018
Tablet,ABC312,Apr-18,4/19/2018,Class 4,Europe,Chris,Customer 13,1,4/23/2018
Mobile,ABC313,Apr-18,4/19/2018,Class 4,Europe,Chris,Customer 13,34,4/23/2018
Laptop,ABC314,Apr-18,4/19/2018,Class 4,Europe,Chris,Customer 13,56,4/23/2018
Desktop,ABC315,Apr-18,4/19/2018,Class 4,Europe,Chris,Customer 13,55,4/23/2018
Tablet,ABC316,Apr-18,4/19/2018,Class 5,Europe,Chris,Customer 13,21,4/23/2018
Mobile,ABC317,Apr-18,4/19/2018,Class 5,Europe,Chris,Customer 13,12,4/23/2018
Laptop,ABC318,Apr-18,4/19/2018,Class 5,Europe,Chris,Customer 13,23,4/23/2018
Desktop,ABC319,Apr-18,4/19/2018,Class 5,Europe,Chris,Customer 13,55,4/23/2018
Tablet,ABC320,Apr-18,4/19/2018,Class 5,Europe,Chris,Customer 13,67,4/23/2018
Mobile,ABC321,Apr-18,4/19/2018,Class 5,Europe,Chris,Customer 13,87,4/23/2018
Laptop,ABC322,Apr-18,4/19/2018,Class 5,Europe,Chris,Customer 13,54,4/23/2018
Desktop,ABC323,Apr-18,4/19/2018,Class 5,Europe,Chris,Customer 15,32,4/23/2018
Tablet,ABC324,Apr-18,4/19/2018,Class 5,Europe,Chris,Customer 15,34,4/23/2018
Mobile,ABC325,Apr-18,4/19/2018,Class 5,Europe,Chris,Customer 14,65,4/23/2018
Laptop,ABC326,Apr-18,4/15/2018,Class 5,Asia,Mary,Customer 14,87,4/19/2018
Desktop,ABC327,Apr-18,4/15/2018,Class 5,Asia,Mary,Customer 14,89,4/19/2018
Tablet,ABC328,Apr-18,4/15/2018,Class 5,Asia,Mary,Customer 14,77,4/19/2018
Mobile,ABC329,Apr-18,4/15/2018,Class 5,Asia,Mary,Customer 14,51,4/19/2018
Laptop,ABC330,Apr-18,4/15/2018,Class 5,Asia,Mary,Customer 14,23,4/19/2018
Desktop,ABC331,Apr-18,4/15/2018,Class 5,Asia,Mary,Customer 14,90,4/19/2018
Tablet,ABC332,Apr-18,4/15/2018,Class 5,Asia,Mary,Customer 11,65,4/19/2018
Mobile,ABC333,Apr-18,4/15/2018,Class 5,Asia,Mary,Customer 11,54,4/19/2018
Laptop,ABC334,Apr-18,4/15/2018,Class 6,Asia,Mary,Customer 11,43,4/19/2018
Desktop,ABC335,Apr-18,4/15/2018,Class 6,Asia,Mary,Customer 11,22,4/19/2018
Tablet,ABC336,Apr-18,4/15/2018,Class 6,Asia,Mary,Customer 11,11,4/19/2018
Mobile,ABC337,Apr-18,4/15/2018,Class 6,Asia,Mary,Customer 11,2,4/19/2018
Laptop,ABC338,Apr-18,4/15/2018,Class 6,Asia,Mary,Customer 11,2,4/19/2018
Desktop,ABC339,Apr-18,4/15/2018,Class 6,Asia,Mary,Customer 11,45,4/19/2018
Tablet,ABC340,Apr-18,4/15/2018,Class 6,Asia,Mary,Customer 11,4,4/19/2018
Mobile,ABC341,Apr-18,4/15/2018,Class 6,Asia,Mary,Customer 11,9,4/19/2018
Laptop,ABC342,Apr-18,4/15/2018,Class 6,Asia,Mary,Customer 1,7,4/19/2018
Desktop,ABC343,Apr-18,4/15/2018,Class 6,Asia,Mary,Customer 1,55,4/19/2018
Tablet,ABC344,Apr-18,4/14/2018,Class 6,Asia,Mary,Customer 1,3,4/18/2018
Mobile,ABC345,Apr-18,4/14/2018,Class 6,Europe,Mary,Customer 1,12,4/18/2018
Laptop,ABC346,Apr-18,4/14/2018,Class 6,Europe,Mary,Customer 1,16,4/18/2018
Desktop,ABC347,Apr-18,4/14/2018,Class 1,Europe,Mary,Customer 1,1,4/18/2018
Tablet,ABC348,Apr-18,4/14/2018,Class 1,Europe,Mary,Customer 5,34,4/18/2018
Mobile,ABC349,Apr-18,4/14/2018,Class 1,Europe,Mary,Customer 5,56,4/18/2018
Laptop,ABC350,Apr-18,4/14/2018,Class 1,Asia,Mary,Customer 5,55,4/18/2018
Desktop,ABC351,Apr-18,4/14/2018,Class 1,Asia,Mary,Customer 5,21,4/18/2018
Tablet,ABC352,Apr-18,4/14/2018,Class 1,Asia,Mary,Customer 5,12,4/18/2018
Mobile,ABC353,Apr-18,4/14/2018,Class 1,Asia,Mary,Customer 5,23,4/18/2018
Laptop,ABC354,Apr-18,4/14/2018,Class 1,Asia,Mary,Customer 5,55,4/18/2018
Desktop,ABC355,Apr-18,4/14/2018,Class 1,Asia,Mary,Customer 5,67,4/18/2018
Tablet,ABC356,Apr-18,4/14/2018,Class 1,Asia,Mary,Customer 5,87,4/18/2018
Mobile,ABC357,Apr-18,4/14/2018,Class 1,Asia,Mary,Customer 5,54,4/18/2018
Laptop,ABC358,Apr-18,4/14/2018,Class 1,Asia,Mary,Customer 5,32,4/18/2018
Desktop,ABC359,Apr-18,4/10/2018,Class 1,Japan,Sam,Customer 5,34,4/14/2018
Tablet,ABC360,Apr-18,4/10/2018,Class 1,Japan,Sam,Customer 5,65,4/14/2018
Mobile,ABC361,Apr-18,4/10/2018,Class 1,Japan,Sam,Customer 7,87,4/14/2018
Laptop,ABC362,Apr-18,4/10/2018,Class 3,Japan,Sam,Customer 7,89,4/14/2018
Desktop,ABC363,Apr-18,4/10/2018,Class 3,Japan,Sam,Customer 7,77,4/14/2018
Tablet,ABC364,Apr-18,4/10/2018,Class 3,Japan,Sam,Customer 7,51,4/14/2018
Mobile,ABC365,Apr-18,4/10/2018,Class 3,Japan,Sam,Customer 7,23,4/14/2018
Laptop,ABC366,Apr-18,4/10/2018,Class 3,Europe,Sam,Customer 7,90,4/14/2018
Desktop,ABC367,Apr-18,4/10/2018,Class 3,Europe,Sam,Customer 7,65,4/14/2018
Tablet,ABC368,Apr-18,4/10/2018,Class 3,Europe,Sam,Customer 8,54,4/14/2018
Mobile,ABC369,Apr-18,4/10/2018,Class 3,Europe,Sam,Customer 8,43,4/14/2018
Laptop,ABC370,Apr-18,4/10/2018,Class 3,Europe,Sam,Customer 8,22,4/14/2018
Desktop,ABC371,Apr-18,4/10/2018,Class 3,Asia,Sam,Customer 8,11,4/14/2018
Tablet,ABC372,Apr-18,4/10/2018,Class 3,Asia,Sam,Customer 12,2,4/14/2018
Mobile,ABC373,Apr-18,4/10/2018,Class 3,Asia,Sam,Customer 12,2,4/14/2018
Laptop,ABC374,Apr-18,4/10/2018,Class 3,Asia,Sam,Customer 12,45,4/14/2018
Desktop,ABC375,Apr-18,4/10/2018,Class 3,Asia,Sam,Customer 12,4,4/14/2018
Tablet,ABC376,Apr-18,4/10/2018,Class 3,Japan,Sam,Customer 12,9,4/14/2018
Mobile,ABC377,Apr-18,4/10/2018,Class 3,Europe,Sam,Customer 12,7,4/14/2018
Laptop,ABC378,Apr-18,4/10/2018,Class 3,Europe,Sam,Customer 12,55,4/14/2018
Desktop,ABC379,Apr-18,4/10/2018,Class 3,Europe,Sam,Customer 12,3,4/14/2018
Tablet,ABC380,Apr-18,4/10/2018,Class 3,Europe,Sam,Customer 12,12,4/14/2018
Mobile,ABC381,Apr-18,4/10/2018,Class 3,Europe,Sam,Customer 12,16,4/14/2018
Laptop,ABC382,Apr-18,4/10/2018,Class 3,Europe,Sam,Customer 12,1,4/14/2018
Desktop,ABC383,Apr-18,4/10/2018,Class 3,Asia,Sam,Customer 12,34,4/14/2018
Tablet,ABC384,Apr-18,4/10/2018,Class 3,Asia,Sam,Customer 12,56,4/14/2018
Mobile,ABC385,Apr-18,4/10/2018,Class 3,Asia,Sam,Customer 12,55,4/14/2018
Laptop,ABC386,Apr-18,4/10/2018,Class 4,Asia,Sam,Customer 12,21,4/14/2018
Desktop,ABC387,Apr-18,4/10/2018,Class 4,Asia,Sam,Customer 2,12,4/14/2018
Tablet,ABC388,Apr-18,4/10/2018,Class 4,Japan,Sam,Customer 2,23,4/14/2018
Mobile,ABC389,Apr-18,4/10/2018,Class 4,Japan,Sam,Customer 2,55,4/14/2018
Laptop,ABC390,Apr-18,4/10/2018,Class 4,Japan,Sam,Customer 2,67,4/14/2018
Desktop,ABC391,Apr-18,4/10/2018,Class 4,Japan,Sam,Customer 2,87,4/14/2018
Tablet,ABC392,Apr-18,4/10/2018,Class 4,Japan,Sam,Customer 2,54,4/14/2018
Mobile,ABC393,Apr-18,4/10/2018,Class 4,Japan,Sam,Customer 2,32,4/14/2018
Laptop,ABC394,Apr-18,4/10/2018,Class 4,Japan,Sam,Customer 2,34,4/14/2018
Desktop,ABC395,Apr-18,4/10/2018,Class 4,Japan,Sam,Customer 5,65,4/14/2018
Tablet,ABC483,Mar-18,3/26/2018,Class 9,America,John,Customer 13,9,3/28/2018
Mobile,ABC484,Mar-18,3/26/2018,Class 9,America,John,Customer 15,7,3/28/2018
Laptop,ABC485,Mar-18,3/26/2018,Class 9,America,John,Customer 15,55,3/28/2018
Desktop,ABC486,Mar-18,3/26/2018,Class 9,America,John,Customer 14,3,3/30/2018
Tablet,ABC487,Mar-18,3/26/2018,Class 9,America,John,Customer 14,12,3/30/2018
Mobile,ABC488,Mar-18,3/26/2018,Class 10,America,John,Customer 14,16,3/30/2018
Laptop,ABC489,Mar-18,3/26/2018,Class 10,America,John,Customer 14,1,3/30/2018
Desktop,ABC490,Mar-18,3/26/2018,Class 10,Europe,John,Customer 14,34,3/30/2018
Tablet,ABC491,Mar-18,3/26/2018,Class 10,Europe,John,Customer 14,56,3/30/2018
Mobile,ABC492,Mar-18,3/26/2018,Class 10,Europe,John,Customer 14,34,3/30/2018
Laptop,ABC493,Mar-18,3/26/2018,Class 10,Europe,John,Customer 11,22,3/30/2018
Desktop,ABC494,Mar-18,3/26/2018,Class 10,Europe,John,Customer 11,46,3/30/2018
Tablet,ABC495,Mar-18,3/26/2018,Class 10,Asia,John,Customer 11,78,3/30/2018
Mobile,ABC496,Mar-18,3/26/2018,Class 10,Asia,John,Customer 11,4,3/30/2018
Laptop,ABC497,Mar-18,3/26/2018,Class 10,Asia,John,Customer 11,44,3/30/2018
Desktop,ABC498,Mar-18,3/26/2018,Class 10,Asia,John,Customer 11,2,3/30/2018
Tablet,ABC499,Mar-18,3/26/2018,Class 10,Asia,John,Customer 11,57,3/30/2018
Mobile,ABC500,Mar-18,3/26/2018,Class 10,America,John,Customer 11,43,3/30/2018
Laptop,ABC461,Mar-18,3/23/2018,Class 8,Asia,Mary,Customer 10,2,3/27/2018
Desktop,ABC462,Mar-18,3/23/2018,Class 8,Asia,Mary,Customer 10,57,3/27/2018
Tablet,ABC463,Mar-18,3/23/2018,Class 8,Asia,Mary,Customer 10,43,3/27/2018
Mobile,ABC464,Mar-18,3/23/2018,Class 8,Asia,Mary,Customer 10,54,3/27/2018
Laptop,ABC465,Mar-18,3/23/2018,Class 8,Asia,Mary,Customer 10,32,3/27/2018
Desktop,ABC466,Mar-18,3/23/2018,Class 8,Asia,Mary,Customer 10,34,3/27/2018
Tablet,ABC467,Mar-18,3/23/2018,Class 8,Asia,Mary,Customer 10,65,3/27/2018
Mobile,ABC468,Mar-18,3/23/2018,Class 8,Asia,Mary,Customer 10,87,3/27/2018
Laptop,ABC469,Mar-18,3/23/2018,Class 8,Asia,Mary,Customer 13,89,3/27/2018
Desktop,ABC470,Mar-18,3/23/2018,Class 9,Asia,Mary,Customer 13,77,3/27/2018
Tablet,ABC471,Mar-18,3/23/2018,Class 9,Asia,Mary,Customer 13,51,3/27/2018
Mobile,ABC472,Mar-18,3/23/2018,Class 9,Asia,Mary,Customer 13,23,3/27/2018
Laptop,ABC473,Mar-18,3/23/2018,Class 9,Europe,Mary,Customer 13,90,3/27/2018
Desktop,ABC474,Mar-18,3/23/2018,Class 9,Europe,Mary,Customer 13,65,3/27/2018
Tablet,ABC475,Mar-18,3/23/2018,Class 9,Europe,Mary,Customer 13,54,3/27/2018
Mobile,ABC476,Mar-18,3/23/2018,Class 9,Europe,Mary,Customer 13,43,3/27/2018
Laptop,ABC477,Mar-18,3/23/2018,Class 9,Europe,Mary,Customer 13,22,3/27/2018
Desktop,ABC478,Mar-18,3/23/2018,Class 9,Asia,Mary,Customer 13,11,3/27/2018
Tablet,ABC479,Mar-18,3/23/2018,Class 9,Asia,Mary,Customer 13,2,3/25/2018
Mobile,ABC480,Mar-18,3/23/2018,Class 9,Asia,Mary,Customer 13,2,3/25/2018
Laptop,ABC481,Mar-18,3/23/2018,Class 9,Asia,Mary,Customer 13,45,3/25/2018
Desktop,ABC482,Mar-18,3/23/2018,Class 9,Asia,Mary,Customer 13,4,3/25/2018
Tablet,ABC413,Mar-18,3/17/2018,Class 5,Japan,Sam,Customer 3,55,3/21/2018
Mobile,ABC414,Mar-18,3/17/2018,Class 5,Japan,Sam,Customer 3,3,3/21/2018
Laptop,ABC415,Mar-18,3/17/2018,Class 5,Japan,Sam,Customer 3,12,3/21/2018
Desktop,ABC416,Mar-18,3/17/2018,Class 5,Japan,Sam,Customer 3,16,3/21/2018
Tablet,ABC417,Mar-18,3/17/2018,Class 5,Japan,Sam,Customer 3,1,3/21/2018
Mobile,ABC418,Mar-18,3/17/2018,Class 5,Japan,Sam,Customer 3,34,3/21/2018
Laptop,ABC419,Mar-18,3/17/2018,Class 5,Japan,Sam,Customer 3,56,3/21/2018
Desktop,ABC420,Mar-18,3/17/2018,Class 5,Japan,Sam,Customer 3,55,3/21/2018
Tablet,ABC421,Mar-18,3/17/2018,Class 5,Japan,Sam,Customer 4,21,3/21/2018
Mobile,ABC422,Mar-18,3/17/2018,Class 5,Japan,Sam,Customer 4,12,3/21/2018
Laptop,ABC423,Mar-18,3/17/2018,Class 5,Japan,Sam,Customer 4,23,3/21/2018
Desktop,ABC424,Mar-18,3/17/2018,Class 5,Japan,Sam,Customer 4,55,3/21/2018
Tablet,ABC425,Mar-18,3/17/2018,Class 5,Japan,Sam,Customer 4,67,3/21/2018
Mobile,ABC426,Mar-18,3/17/2018,Class 5,Japan,Sam,Customer 9,87,3/21/2018
Laptop,ABC427,Mar-18,3/17/2018,Class 5,Japan,Sam,Customer 9,54,3/21/2018
Desktop,ABC428,Mar-18,3/17/2018,Class 5,Japan,Sam,Customer 9,32,3/21/2018
Tablet,ABC429,Mar-18,3/17/2018,Class 5,Japan,Sam,Customer 9,34,3/21/2018
Mobile,ABC430,Mar-18,3/17/2018,Class 7,Japan,Sam,Customer 9,65,3/21/2018
Laptop,ABC431,Mar-18,3/17/2018,Class 7,Japan,Sam,Customer 9,87,3/21/2018
Desktop,ABC432,Mar-18,3/17/2018,Class 7,Japan,Sam,Customer 9,89,3/21/2018
Tablet,ABC433,Mar-18,3/17/2018,Class 7,Japan,Sam,Customer 9,77,3/21/2018
Mobile,ABC434,Mar-18,3/17/2018,Class 7,Japan,Sam,Customer 9,51,3/21/2018
Laptop,ABC435,Mar-18,3/17/2018,Class 7,Japan,Sam,Customer 9,23,3/21/2018
Desktop,ABC436,Mar-18,3/17/2018,Class 7,Japan,Sam,Customer 9,90,3/21/2018
Tablet,ABC437,Mar-18,3/17/2018,Class 7,Japan,Sam,Customer 9,65,3/21/2018
Mobile,ABC438,Mar-18,3/17/2018,Class 7,Japan,Sam,Customer 9,54,3/21/2018
Laptop,ABC439,Mar-18,3/17/2018,Class 7,Japan,Sam,Customer 9,43,3/21/2018
Desktop,ABC440,Mar-18,3/17/2018,Class 8,Japan,Sam,Customer 9,22,3/21/2018
Tablet,ABC441,Mar-18,3/17/2018,Class 8,Japan,Sam,Customer 9,11,3/21/2018
Mobile,ABC442,Mar-18,3/17/2018,Class 8,Japan,Sam,Customer 9,2,3/21/2018
Laptop,ABC443,Mar-18,3/17/2018,Class 8,Japan,Sam,Customer 9,2,3/21/2018
Desktop,ABC444,Mar-18,3/17/2018,Class 8,Japan,Sam,Customer 6,45,3/21/2018
Tablet,ABC445,Mar-18,3/17/2018,Class 8,Japan,Sam,Customer 6,4,3/21/2018
Mobile,ABC446,Mar-18,3/17/2018,Class 8,Japan,Sam,Customer 6,9,3/21/2018
Laptop,ABC447,Mar-18,3/17/2018,Class 8,Japan,Sam,Customer 6,7,3/21/2018
Desktop,ABC448,Mar-18,3/17/2018,Class 8,Japan,Sam,Customer 6,55,3/21/2018
Tablet,ABC449,Mar-18,3/17/2018,Class 8,Japan,Sam,Customer 6,3,3/21/2018
Mobile,ABC450,Mar-18,3/17/2018,Class 8,Japan,Sam,Customer 6,12,3/21/2018
Laptop,ABC451,Mar-18,3/17/2018,Class 8,Japan,Sam,Customer 6,16,3/21/2018
Desktop,ABC452,Mar-18,3/17/2018,Class 8,Japan,Sam,Customer 6,1,3/21/2018
Tablet,ABC453,Mar-18,3/17/2018,Class 8,Japan,Sam,Customer 6,34,3/21/2018
Mobile,ABC454,Mar-18,3/17/2018,Class 8,Japan,Sam,Customer 6,56,3/21/2018
Laptop,ABC455,Mar-18,3/17/2018,Class 8,Japan,Sam,Customer 6,34,3/21/2018
Desktop,ABC456,Mar-18,3/17/2018,Class 8,Japan,Sam,Customer 6,22,3/21/2018
Tablet,ABC457,Mar-18,3/17/2018,Class 8,Japan,Sam,Customer 6,46,3/21/2018
Mobile,ABC458,Mar-18,3/17/2018,Class 8,Japan,Sam,Customer 6,78,3/21/2018
Laptop,ABC459,Mar-18,3/17/2018,Class 8,Japan,Sam,Customer 6,4,3/21/2018
Desktop,ABC460,Mar-18,3/17/2018,Class 8,Japan,Sam,Customer 6,44,3/21/2018
Tablet,ABC396,Mar-18,3/12/2018,Class 4,America,John,Customer 5,87,3/16/2018
Mobile,ABC397,Mar-18,3/12/2018,Class 4,America,John,Customer 5,89,3/16/2018
Laptop,ABC398,Mar-18,3/12/2018,Class 4,America,John,Customer 5,77,3/16/2018
Desktop,ABC399,Mar-18,3/12/2018,Class 4,America,John,Customer 5,51,3/16/2018
Tablet,ABC400,Mar-18,3/12/2018,Class 4,America,John,Customer 5,23,3/16/2018
Mobile,ABC401,Mar-18,3/12/2018,Class 4,America,John,Customer 5,90,3/16/2018
Laptop,ABC402,Mar-18,3/12/2018,Class 4,America,John,Customer 5,65,3/16/2018
Desktop,ABC403,Mar-18,3/12/2018,Class 4,America,John,Customer 5,54,3/16/2018
Tablet,ABC404,Mar-18,3/12/2018,Class 4,America,John,Customer 5,43,3/16/2018
Mobile,ABC405,Mar-18,3/12/2018,Class 5,America,John,Customer 5,22,3/16/2018
Laptop,ABC406,Mar-18,3/12/2018,Class 5,America,John,Customer 5,11,3/16/2018
Desktop,ABC407,Mar-18,3/12/2018,Class 5,America,John,Customer 5,2,3/16/2018
Laptop,ABC408,Mar-18,3/12/2018,Class 5,America,John,Customer 5,2,3/16/2018
Mobile,ABC409,Mar-18,3/12/2018,Class 5,America,John,Customer 5,45,3/16/2018
Laptop,ABC410,Mar-18,3/12/2018,Class 5,America,John,Customer 5,4,3/16/2018
Laptop,ABC411,Mar-18,3/12/2018,Class 5,America,John,Customer 5,9,3/16/2018
Laptop,ABC412,Mar-18,3/12/2018,Class 5,America,John,Customer 5,7,3/16/2018
